ear_left,ear_right,ear_avg,mar,pitch,yaw,roll,label
0.199141191763724,0.2577364808963713,0.22843883633004763,0.4166704384316079,179.00388418105214,0.7834101676946963,-1.7208122376791004,0
0.2747808088534093,0.27788111215189126,0.27633096050265027,0.40881427965923245,176.43741599526928,0.23235474309778806,-1.9813675442309397,0
0.3106722532274414,0.2947710544316151,0.30272165382952826,0.4021440124119871,179.0660960533625,-0.10313407853540843,-1.8169380190213567,0
0.32685268369873155,0.30367534504770594,0.3152640143732187,0.4169643566086219,179.71665519576112,0.7243389744530385,-1.7855974423351666,0
0.3309895931864683,0.3113140261953404,0.32115180969090434,0.45480644902991463,-179.45996807589472,1.0549566185052377,-1.9035569727257773,0
0.3352504822871954,0.31410195205200225,0.3246762171695988,0.4550359053504116,179.88143490172783,1.2564931665066192,-1.7950377957999089,0
0.3323024443011319,0.3074454260986973,0.3198739351999146,0.4085467502364184,-178.8268191175071,1.3998150570924222,-1.9501452778974107,0
0.3324537385132594,0.3087948761302062,0.32062430732173275,0.4110944839387216,-178.82486527112624,1.3975226897597959,-1.9882436407187953,0
0.34320470438638156,0.3044933622041596,0.3238490332952706,0.42328240798073447,-178.41738488261169,1.1803732683457022,-1.7704377231699897,0
0.333613508844548,0.3075208062538408,0.3205671575491944,0.40150118624287184,-178.35009348460756,1.439343844353194,-1.944509927311644,0
0.34097538824418455,0.3148352914214823,0.32790533983283343,0.536864690159722,-4.7350668677080705,5.448628661887395,-4.323107006600918,0
0.3478049431534331,0.31409008932384314,0.3309475162386381,0.5416832101247656,-4.993714321279867,2.988884508414059,-4.062026783871818,0
0.344535705373376,0.31293783163472033,0.3287367685040482,0.5331596522429525,-5.876000979768207,2.8109954551761036,-4.028674251492576,0
0.3426547424631917,0.31279499717592335,0.3277248698195575,0.5333552799757785,-5.58235499402096,2.686802213924121,-4.11956187686489,0
0.34416380237806526,0.31415189579374314,0.3291578490859042,0.5346870744654703,-5.513052659353406,2.738969699021142,-4.1278515368933,0
0.3043866221413991,0.2724199193550291,0.28840327074821415,0.5200778148600379,-6.501812970404586,2.56550753036892,-3.9404581000217793,0
0.3042577439543443,0.2728632275536288,0.2885604857539865,0.5236275420567954,-6.003354674246765,3.1194860095818586,-4.0281425794522745,0
0.25619712141301854,0.2271947504350571,0.24169593592403782,0.5137112327515907,-6.31907618953835,2.7011660334507366,-3.878298105450651,0
0.26660054935483973,0.252436113969013,0.2595183316619264,0.5144190989817379,-6.077584331927028,2.4161887376858764,-3.7179556923485704,0
0.2833224350197268,0.2693954459825458,0.2763589405011363,0.5189781707683117,-5.81301423590503,2.6330176583682663,-3.7334024340687266,0
0.3407159210834738,0.3154785245381593,0.32809722281081655,0.4541905475337733,-1.54388093699896,5.142541292323285,-3.8953200757406865,0
0.3482853344494818,0.3184203796907851,0.33335285707013346,0.45513722588699385,0.0666528657912977,3.670531023378059,-3.9201736910966085,0
0.3572805113822528,0.3334967215904016,0.34538861648632724,0.4700504201474062,-0.9222294739108747,4.226952192975015,-3.9549141891427197,0
0.35331764907520674,0.32300630083460324,0.33816197495490496,0.4688560518967494,-1.3789278263695621,4.822473931385193,-4.036812453201916,0
0.35987082809222426,0.32583636755276696,0.3428535978224956,0.45840464345400755,-1.5543034595731342,4.810526744460848,-4.0481249095905625,0
0.3600998740047464,0.3208258864429978,0.3404628802238721,0.4642743209725473,-1.1922877939668126,5.163615378712232,-4.036315733424859,0
0.358614799881119,0.32256294312675077,0.3405888715039349,0.4552149008411593,-1.6209979679146898,5.359695455919343,-4.190468129389195,0
0.3604878516894741,0.31971999896710473,0.3401039253282894,0.45834832416888244,-0.9779870373770905,5.46466408305994,-4.10762353870938,0
0.35725994426005386,0.3156101239685068,0.33643503411428033,0.45433614645580084,-1.8357959128217658,5.565904796755628,-4.14468709152366,0
0.36176572876114876,0.3103707172923295,0.3360682230267391,0.44930287408781505,-0.8730766802935079,5.299931722854735,-4.023465572321921,0
0.3649803955376844,0.3147485007274482,0.33986444813256633,0.45339249625173556,-0.9463386206440987,5.047374736533162,-4.021272755226212,0
0.3566874047979056,0.3104081280931657,0.33354776644553563,0.45175133349502444,-0.897025489021587,4.74443726970007,-4.007447392919937,0
0.3641368241218201,0.30286807753505535,0.3335024508284377,0.45202850332651306,-0.8669286374465912,4.296465250863218,-3.9129263070479072,0
0.3607663808313347,0.3155466369770746,0.3381565089042047,0.4521071746090964,-0.5261012122139448,4.008750468347734,-3.8210865974051202,0
0.3595168006190478,0.3104381143092725,0.33497745746416013,0.45146340358091486,-1.1554312496128603,4.043765428025302,-3.8564123468515352,0
0.359000638610345,0.3141671114716036,0.3365838750409743,0.44920684380186593,-1.105148324341144,4.110705887593953,-3.7968968988967244,0
0.3579817788946371,0.3121338572678274,0.33505781808123225,0.4528743328328292,-1.1934124055114808,4.053003819726049,-3.7678759923792273,0
0.35834353278879083,0.31104169962586425,0.33469261620732754,0.4537418266711725,-0.8688095326124881,4.0875309249678144,-3.7917085439414113,0
0.357980895896397,0.31357690458975734,0.33577890024307716,0.46030905886761897,-0.5750152480203496,4.308922228571055,-3.7436251112162577,0
0.35627419216876854,0.3092969982253038,0.3327855951970362,0.4624814009843105,-0.47447982914448517,4.091491833987437,-3.8243175877389333,0
0.359853582451774,0.30606348781693704,0.3329585351343555,0.4592231371552056,-0.10612159991211456,3.9491262568978964,-3.796717165421761,0
0.36150515359736207,0.3109235086153773,0.33621433110636967,0.4528671953160613,-0.3407026346299915,3.87897557794972,-3.8416617732757077,0
0.36197944065057563,0.31098915390950876,0.3364842972800422,0.46592537998034306,-0.678917679685128,4.37921284116532,-3.8852950104035355,0
0.3591367018759251,0.3116674122613381,0.3354020570686316,0.46526105275029805,-0.3695170053361494,4.388578996823508,-3.823736790030866,0
0.3653583424004704,0.3112852645367299,0.33832180346860014,0.45198395526802193,-0.049675893052466336,3.902010523189764,-3.891947577205674,0
0.36087272379185537,0.309874903992205,0.3353738138920302,0.4578811098470785,-0.17372523086561387,3.8987997564477137,-3.978791574343536,0
0.36516310369364297,0.3186930079651795,0.3419280558294112,0.4578606747875057,-0.17507677070483396,3.896948661240921,-3.9119276098660665,0
0.3624843114110981,0.3243440362367198,0.34341417382390893,0.4577290172804877,-0.1512486745248509,3.875998997946119,-3.935999522024961,0
0.3612191411280055,0.32101954056423354,0.3411193408461195,0.45163679504197257,0.3992859945648206,3.6251287905069325,-3.9879194107910574,0
0.36150751964618905,0.3211719363377826,0.34133972799198586,0.4575906029140545,0.36051372023106865,3.651440500153104,-3.9198093482119383,0
0.36193961584238804,0.32106455310217535,0.3415020844722817,0.4599932553038951,0.5818057081539507,3.6684244411619833,-3.8998892255445807,0
0.3563557433868674,0.3227275151823523,0.33954162928460985,0.4536938625500542,1.1916001320551857,3.231286245135598,-3.9063262781139856,0
0.35856408833315073,0.315743218235367,0.33715365328425884,0.45335195469062106,0.8879352916306686,3.253725734286875,-3.8391097074016605,0
0.3573372948292974,0.3138515635239769,0.3355944291766372,0.45296597464763344,0.8516547443435627,3.3816604250976035,-3.785877348539865,0
0.3574010808315361,0.31450410775099813,0.3359525942912671,0.44513536535076387,0.8626636790050668,3.2803758035431803,-3.8066315494226783,0
0.3566270994841013,0.3219177684169387,0.33927243395052,0.4524641627988683,1.3237388662720662,3.0589031678520717,-3.8053135808948997,0
0.35940592203935817,0.31030681311505165,0.33485636757720494,0.44607774382743254,1.3005970202057142,3.333740615310905,-3.877023775140773,0
0.3620794583270405,0.3136285740695682,0.33785401619830435,0.45424618717325366,0.9294853966788992,3.2482582780970355,-3.860731232251931,0
0.3588583844082526,0.3084230877082227,0.33364073605823763,0.4521436003741573,1.0060485148229077,3.3504117073798727,-3.8773828056597304,0
0.3571354456704201,0.3063806145877734,0.33175803012909677,0.4583532819846905,0.7840780413934283,3.5379967621985515,-3.845454239627348,0
0.3514010738038776,0.3040484865165546,0.3277247801602161,0.4563123130377931,0.7660775510111364,3.5745696140558216,-3.844515422493296,0
0.2689015703039798,0.23642688263760048,0.2526642264707901,0.4680799953611957,-0.586258818283369,3.836571199503827,-3.891378739742019,0
0.1539020907678186,0.10236896644526347,0.12813552860654104,0.46227390218363185,0.18828863105576943,4.990640059574181,-3.8143786926507937,0
0.20451441102046145,0.18794951047120773,0.1962319607458346,0.44608971798513253,1.7910521430684412,5.23490899115371,-3.1230532177926147,0
0.2413237700122445,0.24451839004031914,0.24292108002628182,0.424990202952254,1.3104843025360537,6.762250206081984,-2.409762474654641,0
0.2834758814041409,0.25011226427192507,0.26679407283803297,0.4224599968413311,1.6520662623635474,9.033378111674866,-2.13025661626592,0
0.295096504277336,0.262386272110488,0.27874138819391203,0.4272408972093305,0.83218303648448,10.418559179887842,-1.8232677494192349,0
0.31851990805651664,0.3039531497660993,0.31123652891130793,0.4827004599767339,-0.4782671107138867,12.050004574767806,-1.8898159490180173,0
0.30981886176114887,0.30205203739286945,0.30593544957700913,0.4932966172793194,-1.2242948351280631,13.010118112027177,-2.0451631246524062,0
0.3146893348121919,0.30871816301968463,0.3117037489159383,0.4757632363490762,-2.3483962597401558,13.263983277940909,-1.9973481609881572,0
0.33668636214316944,0.30696559252749056,0.32182597733533,0.4858279978279487,-1.0832466900332633,12.239177694582667,-1.730701235308105,0
0.3395002595297363,0.31477749912036573,0.32713887932505104,0.4673347535441727,-1.0171014523297117,11.775371002673962,-1.5903121883340476,0
0.32985419180969494,0.30750070861375284,0.3186774502117239,0.4587064430864166,-0.8911717386143891,11.194493647083677,-1.5306794080237476,0
0.32805010568132476,0.2910490171856362,0.30954956143348045,0.43765219357427604,-1.4605680100347058,10.121587984383813,-1.9669407233718759,0
0.34600634602732755,0.2938137084457629,0.3199100272365452,0.4302060746275831,-0.4856516996819664,8.563170195970724,-2.1470061023161646,0
0.3548231653032772,0.3005337112541045,0.3276784382786908,0.42874636350723033,1.2013737031801668,7.193512662509799,-2.492789781049866,0
0.35041029585575856,0.32546782921377,0.33793906253476425,0.41925222848506205,1.7028387514901624,5.280748212833753,-2.7723758291621223,0
0.36966017953007224,0.30555474199782934,0.33760746076395076,0.4114371011807134,2.558867345610537,5.076697298454536,-2.948832745958317,0
0.3666556762066472,0.3160039508986747,0.34132981355266095,0.41556751049483703,1.7763665375820779,-0.37347601185766016,-4.727481717006184,0
0.38695742822717116,0.3041404784781443,0.34554895335265773,0.4279197478326111,3.677053554394263,-3.753703518780384,-6.0519274257683735,0
0.3808243478045196,0.33967622455047647,0.36025028617749805,0.4422080672432693,3.6228723328982255,-6.107285500000035,-6.622534214446653,0
0.38035694091469263,0.32295570662418205,0.35165632376943734,0.416950492637387,1.2944844682979237,-8.345555405809042,-6.487867814879369,0
0.4169756501184342,0.3101173876279591,0.36354651887319667,0.42285935833988425,0.8697003305067312,-9.994053802579623,-6.705692027970069,0
0.4146150624445742,0.308448055351188,0.36153155889788113,0.43866946115935596,1.2079134895533628,-12.016910732417008,-6.7944830047159135,0
0.43326700336975993,0.31778216100255124,0.3755245821861556,0.4488012545975942,1.4690073696773993,-13.415562661597031,-6.707679028466714,0
0.4294506019393541,0.322799631531462,0.37612511673540805,0.44610330118943914,1.6946072737435145,-13.878332419629547,-6.8023745931682384,0
0.41907503579316163,0.3231354448734907,0.37110524033332615,0.45541481268008194,0.7246589141235233,-14.149233813401636,-6.377709882003189,0
0.41338626552605734,0.3206046627193625,0.3669954641227099,0.46810391795992795,0.7784312847347508,-14.435097105338652,-6.253298944439548,0
0.4140389776801092,0.31726553315220213,0.36565225541615565,0.4605072671771674,0.9609318683293395,-14.28646058030344,-6.234334249378665,0
0.4218844116787491,0.318330493248532,0.3701074524636406,0.4552558841743518,0.5819741265564176,-14.06724961860501,-5.926262438889018,0
0.4037447068506942,0.3204248935911303,0.3620848002209123,0.4742109631847354,0.9173774108572559,-13.74509154433975,-5.5566017114231485,0
0.3970451493340561,0.31532079482283826,0.3561829720784472,0.4519309379473423,1.169597665195596,-13.50447991985608,-5.365814308801124,0
0.38557772569504384,0.30230695315458067,0.3439423394248122,0.43879579301197175,1.2055897993320173,-13.372405786515364,-5.320542524780472,0
0.3193339925786615,0.27196505987993946,0.2956495262293005,0.44069138063677127,-0.8567273175191588,-11.681480033072178,-4.845911131822442,0
0.297955722586639,0.2438747492951449,0.27091523594089195,0.4371589995826129,-0.5512308745835242,-11.20971929442736,-4.919485036891299,0
0.12354290484322798,0.0716007566370952,0.0975718307401616,0.4575827235958033,-0.9039367213784999,-10.589604354723985,-4.694426987611244,0
0.08528850869459843,0.05334080391756056,0.0693146563060795,0.45264116218967815,-0.5255855136514924,-9.185709936927342,-4.445908096725546,0
0.0750579490024708,0.04132819269634097,0.058193070849405885,0.447359336107125,-0.666867132706102,-8.223754205815283,-4.3369051083996935,0
0.0880772079774761,0.02740731440660098,0.05774226119203854,0.46973554345487456,-2.455562291948837,-7.720068938716353,-3.927886709540011,0
0.10610911431356916,0.031418760093068716,0.06876393720331894,0.4650151004646141,-1.6670895727965274,-7.269937122357686,-3.7707272394798967,0
0.09745140808160703,0.029457656336758713,0.06345453220918287,0.464185431509225,-1.781724678930459,-7.264265587084664,-3.8271120508473966,0
0.09363931390580431,0.029258985037886657,0.06144914947184548,0.4802714375534447,-1.7190519784666662,-7.50743904735017,-3.6020636723444945,0
0.08575639392418408,0.03564831637041232,0.0607023551472982,0.4751879878688064,-2.918562793595129,-7.308758268292384,-3.5842787689714926,0
0.13644407748981974,0.09001240024155162,0.11322823886568567,0.47926028493257283,-2.801106814303864,-6.539450740101992,-3.344311603132586,0
0.22956243322831674,0.13977975277061538,0.18467109299946605,0.45975392827802014,-1.1498480644434608,-7.515790652133843,-3.399236826506468,0
0.25781753001569724,0.2149326290802243,0.23637507954796078,0.45661639848930047,-1.899610488800505,-6.931989081761231,-3.1433273262874857,0
0.27308871799390694,0.22897458758152708,0.251031652787717,0.4749349579213758,-1.5716304451627252,-6.981833053689248,-3.107790356960845,0
0.2924767676318023,0.23768939003944273,0.26508307883562254,0.47181180270959555,-2.2564285614329265,-6.316745375345113,-2.82304387857273,0
0.3079064782154845,0.25626077791169144,0.282083628063588,0.4661555444102722,-1.773393868998994,-5.7495215302942,-2.8028340362979134,0
0.3249851026178118,0.26684940524554046,0.2959172539316761,0.46579686051084024,-2.503877364132137,-4.908002163247193,-2.4080728287498934,0
0.305073596820957,0.28164523219988324,0.29335941451042014,0.4589715001858573,-2.4281749189190123,-3.9101885391089333,-2.0458661242674294,0
0.30811234040927465,0.27531826580626856,0.2917153031077716,0.4567666611584405,-1.9423807641508404,-3.9672433274917833,-2.1062846761801133,0
0.3179420974669274,0.28121632292804677,0.2995792101974871,0.4513727991514007,-1.1069199902632647,-4.364426077486166,-2.2866534832635024,0
0.3187823163119829,0.2882782842351073,0.3035303002735451,0.4606777571674851,-1.9451115531522873,-4.312998762389378,-1.6678679625474055,0
0.34195601626039857,0.2997367656826838,0.3208463909715412,0.45678656939665563,-1.573243601159703,-3.3243852741859716,-1.2669820435033063,0
0.3432582576824544,0.30133533418936553,0.32229679593591,0.4606188769413269,-1.3281443712680812,-3.110707743633816,-1.1086940177582125,0
0.34757278390533664,0.2978436217151306,0.3227082028102336,0.45875077396906666,-1.4894274558701568,-2.8055111586535446,-0.8913729655019155,0
0.3535717388991489,0.2999327016471842,0.3267522202731665,0.46915043446688204,-1.0297656736839542,-2.967130423901649,-0.7886423661928366,0
0.3580205449171471,0.30194774230395344,0.3299841436105503,0.47002690971781674,-0.7522269022672106,-3.002037380282546,-0.7669934716105538,0
0.3552059422790733,0.30354973445545025,0.32937783836726175,0.4667367822983093,-0.7631430076244783,-3.3473819281882267,-0.797044525509282,0
0.36008156887420467,0.30060257336407065,0.33034207111913766,0.4626436500280198,-0.48672904915108006,-3.4139052305443016,-0.7522019799554743,0
0.361263800927402,0.3057324187198544,0.3334981098236282,0.4561752362734365,0.1036762507909259,-3.3456503815622267,-0.7555664244109717,0
0.3616591390622803,0.3031292512950719,0.3323941951786761,0.4612426397317353,-0.311689724495551,-3.2272105091758028,-0.7232701543554122,0
0.3588309616533629,0.30078862642174875,0.32980979403755584,0.4540253890977886,-0.3197347536811037,-3.284607777722514,-0.7026816517559158,0
0.3615247609898256,0.30342452021594246,0.332474640602884,0.4638508487071992,-0.12790358221886322,-3.406234949903646,-0.7105179999511819,0
0.36311873094635283,0.3042610156323428,0.33368987328934785,0.46194819986625335,0.27781927689392205,-3.6418895507231173,-0.6961620318894935,0
0.361898471482776,0.30214273772433076,0.33202060460355337,0.454770628192158,0.321507403261279,-3.395374702185559,-0.6057321385066775,0
0.3588547199343412,0.3093918645831942,0.3341232922587677,0.4537948933172726,0.13390098049541166,-3.2877734139825985,-0.5582501432769645,0
0.36226229153806294,0.3121018926646033,0.3371820921013331,0.44039756280536735,0.10248287122942656,-3.399241254779824,-0.5730422301062682,0
0.3620029891891404,0.30317908374916686,0.33259103646915367,0.45659894733637457,0.028479328131112425,-3.527824335708576,-0.5634681708962495,0
0.36431526283279586,0.3052638839662071,0.33478957339950144,0.46425534330620544,-0.007554358619785262,-3.8068293100962483,-0.6253460329545037,0
0.3655760007550124,0.3008200107522745,0.33319800575364344,0.4633214096159423,0.22273172146341835,-3.799602980310682,-0.6399915767227702,0
0.3687756076411347,0.30271093843459046,0.33574327303786256,0.45678424784550425,0.33166137665733686,-3.9050724077031544,-0.6086128969730269,0
0.3683012819443782,0.3024234333712256,0.3353623576578019,0.45503229829734937,0.32727720779678293,-3.847291050494683,-0.5794974555254884,0
0.3677599166177758,0.30311481413304747,0.33543736537541163,0.45820705597669853,0.22725485738831708,-3.7799294769150698,-0.5834483570390768,0
0.37095389818576596,0.31143829712182486,0.34119609765379544,0.4552097002385654,0.5070455993666201,-4.082680678257166,-0.582832254151012,0
0.3700199343179162,0.30556869096062905,0.3377943126392726,0.44885502600321486,0.3194762186319906,-3.83899272289015,-0.3319148824122355,0
0.3729696356915349,0.314551724819595,0.34376068025556494,0.4503696243865873,1.562946462239438,-3.365407655766308,0.004966391688214604,0
0.3713678223280669,0.3097368260656128,0.3405523241968399,0.4374514700156134,2.879853916849271,-2.7917398855448092,0.7468488668114329,0
0.3874493349692549,0.31920721540681923,0.35332827518803706,0.45709818565514093,0.22116376540148508,-2.0004956068016506,1.1270617426548315,0
0.38031089543024277,0.30599144672203715,0.34315117107613996,0.475550667479997,-0.42239703548850116,-2.5690624932982438,0.8276826711454937,0
0.3999065695240636,0.31546733947725125,0.35768695450065746,0.45793945732591035,-0.18234335882570463,-2.4327358420237086,0.42608419239684153,0
0.39449008736751007,0.3329677792734415,0.3637289333204758,0.46208892925621653,0.656399891217518,-2.0026967208823225,0.5494383994738963,0
0.3973285242030876,0.33625698157065564,0.36679275288687163,0.4577406066669138,0.1718947209934356,-2.1552943291786337,0.29961999826051244,0
0.4072652064394343,0.32175074310618385,0.36450797477280905,0.46051390711408396,-0.08554506289644337,-2.031757234718706,0.2642119584348601,0
0.4128731347385501,0.32233675372666354,0.3676049442326068,0.45771984465838506,-0.060689167493819696,-2.1383814786926743,0.1624130316105761,0
0.4056211864884833,0.3189054676117232,0.3622633270501032,0.4649370199541065,0.23127231073863186,-2.493220687534575,0.04020067756683262,0
0.3964629730374675,0.3135598981487395,0.35501143559310355,0.4636388478763164,-0.22237968460265733,-2.84414513143712,-0.24621584612862987,0
0.3892129704064492,0.333831154737296,0.3615220625718726,0.46594298719728316,0.43832885103802255,-2.8184626491737657,-0.34266488150568636,0
0.40202084438744096,0.3247681186374823,0.3633944815124616,0.4682846922382553,0.221405266356129,-2.559866475440034,-0.5248934816757501,0
0.4029941115288226,0.31247803388046663,0.3577360727046446,0.46682997775925855,0.328312079886274,-2.8212466494958597,-0.6625160357796075,0
0.3977981724299538,0.3104925165504393,0.3541453444901965,0.46885972245217306,-0.10714312437914941,-3.0133142355373157,-0.7694457650706312,0
0.39888134287963917,0.3204134846512001,0.35964741376541964,0.4771605899832347,0.12993778395662048,-3.147536405440995,-0.7847344598808417,0
0.3706686599182141,0.33158979046506043,0.35112922519163725,0.4600373158452263,0.11026089772650494,-2.7377678354738286,-0.25361702413838655,0
0.3556847339917553,0.29943053275639175,0.3275576333740735,0.4694907268482566,-0.9811906528558723,-2.0324360685857576,-0.319993149998315,0
0.35605387345063844,0.3203070253147119,0.33818044938267516,0.46797143482031,-0.13087250920605698,-1.7968150997329773,-0.21147466667717657,0
0.3680856392361597,0.31963027295747976,0.34385795609681974,0.47273641246314096,0.026403312180747207,-1.9853620297750234,-0.42894107141795457,0
0.37231777835302504,0.32734946427291056,0.3498336213129678,0.4681867393057643,0.3053735439340528,-2.072619927401919,-0.4202038695290406,0
0.3787474152909943,0.3376051760790644,0.35817629568502934,0.4757540711672122,0.42085723185718393,-1.9776906893567319,-0.5540268991123007,0
0.38606543654773384,0.3338845374942101,0.35997498702097197,0.46855943931931754,0.7359567429879803,-1.9156295368049256,-0.7519458438956448,0
0.38346881166416613,0.33661992391529666,0.36004436778973137,0.4714661771250556,0.39967123543382854,-1.8212116535144993,-0.7463949197940742,0
0.39269115673939076,0.33114382078000354,0.36191748875969715,0.45282632077412854,0.7633358118273748,-1.6919452079830954,-0.6813418022333441,0
0.40129537418196337,0.3269031392937437,0.36409925673785354,0.4708877781720112,1.1360667901532508,-1.9972095837948716,-0.8332485883738977,0
0.39746470027392283,0.3281636239849832,0.36281416212945305,0.4758164610185974,1.2069808756026248,-2.059569820353744,-0.8631107471181662,0
0.3999153117859333,0.32655736695968557,0.3632363393728094,0.4668909323429893,0.5306936837470175,-1.9620502380677245,-0.9634573242824095,0
0.405634503106527,0.3273413454816745,0.3664879242941007,0.4663538633884641,1.3177808732064875,-1.4496257861631747,-0.8867966147707063,0
0.4048970877970628,0.3104065512169902,0.3576518195070265,0.46315512082838434,0.8519169449336914,-1.623857234105268,-0.8324122758996748,0
0.39540003082209074,0.3184556678785564,0.35692784935032357,0.4602902627458667,1.2026110102198686,-1.3030335693774855,-0.7539953717727222,0
0.37692759941204435,0.2934054132427083,0.3351665063273763,0.4730803913718673,0.4545409493559305,-1.1912786542797673,-0.7931313881747816,0
0.386068770071926,0.2935335316974895,0.33980115088470775,0.46782431967861066,1.5254674193212168,-1.663748448609048,-0.9398778056801878,0
0.37904963169017236,0.31261312499460164,0.345831378342387,0.46169946332345774,1.4339687664322582,-1.4043368979605497,-0.7608359177292751,0
0.3915129654706617,0.30449667860259855,0.34800482203663013,0.46401237915060034,1.1779902689104347,-1.2106731815837135,-0.9385451739694275,0
0.37976636218215026,0.3149267856629473,0.34734657392254875,0.4810693625044103,0.9510858931220127,-0.6718326224633738,-0.5691981174639932,0
0.3734084282586403,0.3074698043810985,0.3404391163198694,0.46056527407159753,0.9481728083455323,-1.2512786198714319,-0.8362854080777364,0
0.262152080518428,0.23796171264379576,0.25005689658111185,0.4518381202556061,-0.43112874754578456,-0.7036713984656497,-0.9430346939016532,0
0.2620493841014837,0.22359489659993315,0.24282214035070843,0.44368745666850706,-0.15227832484717396,-0.8155660506682615,-0.5912478585823727,0
0.28628937830839696,0.24648189997050582,0.2663856391394514,0.43785123991703356,-0.5658004476902647,-1.1157622858027405,-0.5964494516914037,0
0.31820351024258287,0.2521760973717868,0.28518980380718484,0.442299974328001,-0.6433003165271316,-0.7680295214182714,-0.6691156856774406,0
0.31061814469947013,0.2575649110393042,0.2840915278693872,0.4392895452808609,-0.6167691334084395,-0.7601706331870142,-0.599049774511172,0
0.34062283414377525,0.26626414640222906,0.30344349027300216,0.44527313049407147,-0.2873932846507614,-0.633388513895626,-0.8408896138641743,0
0.3295756995616421,0.2767737103489886,0.3031747049553154,0.44383772518067316,0.848008396831915,-0.8936803640044727,-0.7975439946331863,0
0.33635582810210474,0.2676381908636746,0.30199700948288966,0.4462815269734453,-0.0655320533732322,-1.2158201445324102,-0.747440751184296,0
0.34339576582373466,0.27929470551544855,0.3113452356695916,0.4441079577060866,0.25245133718132706,-0.9448061989831467,-0.6201765363977363,0
0.3414687055295503,0.27216298311629306,0.30681584432292164,0.4435432883662207,0.3540503357907596,-1.1800112304419914,-0.8365307316277895,0
0.34059304099507093,0.29458005744465354,0.31758654921986224,0.44544841080180986,0.6146302087265099,-1.1099495282840248,-0.9086548524523886,0
0.35545642624459883,0.3073540746614235,0.33140525045301117,0.4419895397281363,1.67500938901739,-1.334035155616498,-1.4707350272464423,0
0.38037257007776826,0.3276233647440493,0.3539979674109088,0.4545443532156417,1.4130495952344688,-1.2652287230360961,-1.3278634550668875,0
0.40847860250809737,0.34346217520148425,0.37597038885479084,0.43298681366357084,1.231081105450329,-0.6638219939598476,-1.0607625746642597,0
0.4105910669410881,0.35497172000006094,0.3827813934705745,0.4380497291279272,0.6707198847943516,-0.33287568195974293,-1.084641375445513,0
0.41005714867810183,0.3573865373835774,0.3837218430308396,0.4384140854113022,0.5795193214354128,-0.4535430126617769,-1.0800179476095,0
0.4150563675741109,0.33064484110348175,0.37285060433879635,0.44365297616578087,1.1618907181098734,-0.6884105327318852,-1.219505245870184,0
0.4127118760674289,0.32872907514144223,0.37072047560443555,0.45491500683227787,0.6967641941955947,-0.08111259042479006,-1.3038101114775351,0
0.40683363018759927,0.3564315850216165,0.3816326076046079,0.4562446665687138,1.006663162517924,-0.08585237603377911,-1.3442798845670911,0
0.39295717347053866,0.3476905628917086,0.3703238681811236,0.44491982289829474,1.306481159139878,0.19453381848475965,-1.4928517300438895,0
0.38575279512835275,0.33193084658566,0.3588418208570064,0.44909962734548214,1.6127678825739054,0.42620934291319895,-1.4673059983748553,0
0.38258214470252494,0.3321332076990166,0.35735767620077075,0.45731384354912985,1.4681149110608658,0.3825067952102272,-1.3766323038938735,0
0.39354191200645217,0.32079955338336646,0.3571707326949093,0.4500584786507139,1.3468244503551148,0.23821957257658696,-1.3065429538280502,0
0.3842497569606851,0.3224325331001199,0.3533411450304025,0.44510467959337874,0.5579455057950611,0.505340786742663,-1.3322406315884108,0
0.3804756811434293,0.3186318760659509,0.34955377860469006,0.4427802775192066,1.0715815889022338,1.0699866166484242,-1.3242854301287355,0
0.38287302838224396,0.3111829204193298,0.3470279744007869,0.44735710722128924,1.6047636133045842,1.338898857301489,-1.445810407534467,0
0.3793326055376184,0.3190929853145595,0.34921279542608896,0.44998769997443416,1.3297749588994918,1.2594025828190878,-1.5590146942829175,0
0.3783992851684042,0.319859877176556,0.3491295811724801,0.4805078121245365,1.2042351224773142,2.13935042793742,-1.2063317062030987,0
0.3732064017803711,0.2982655720537676,0.33573598691706935,0.4812272733815823,0.3198240967088566,2.1450534569107016,-1.1535569310631626,0
0.36105367487306567,0.30790640407515973,0.3344800394741127,0.517608113413885,-0.3095963703957807,5.01351205604097,-0.971264765585203,0
0.3661634901494372,0.29972887435970114,0.3329461822545692,0.5850981324568321,0.475597637101032,5.927595947445784,-1.7705562539403346,0
0.3693657210931444,0.32389918275743257,0.34663245192528847,0.4697680427951121,1.2544952718138802,8.528074107560151,-1.9260075542677495,0
0.37375502444667213,0.3460339429995175,0.35989448372309485,0.4157626821934145,0.9184103678908571,11.40022295471277,-2.245768077979083,0
0.3391775565261495,0.34811703467260163,0.34364729559937557,0.4270736212019045,-3.2758082443890544,14.433183703340676,-2.545176473192584,0
0.3437405406388892,0.361421288280143,0.3525809144595161,0.48125083027615223,-4.093983211915372,17.53161649424436,-2.5836925436803306,0
0.356638433959912,0.37908894858134246,0.36786369127062724,0.5054493126241105,-4.8533628255367205,19.936474971929126,-2.813263272414671,0
0.3612747301729916,0.37529127083158276,0.3682830005022872,0.5240703276026178,-5.002233794309916,19.00455270845007,-3.456763299854749,0
0.35950764092545884,0.3573785487928387,0.35844309485914877,0.5288278544851758,-4.800477778299381,19.352731370375203,-3.352545458203449,0
0.35105493922424835,0.3444340291487813,0.3477444841865148,0.5209865304984213,-6.12962332574898,18.579319801317887,-3.6148277888956026,0
0.35335672132420975,0.34953665362891434,0.35144668747656205,0.5218376475885458,-4.675027944152362,17.1366301042021,-3.6156665481183965,0
0.369589154036858,0.36754125589888337,0.3685652049678707,0.5019732069834851,-4.524177557354648,15.774735885891785,-3.722375039163233,0
0.36140991573921993,0.33746381370047907,0.34943686471984947,0.5150594651551921,-4.851884497898993,14.52238723639756,-3.5816354601631937,0
0.3414612265662372,0.33384690907580544,0.3376540678210213,0.4830459740660575,-3.865016373186762,13.291097894421675,-3.3539064962901466,0
0.35669287370098846,0.331779536822747,0.3442362052618677,0.4722777556334201,-3.7768041597695117,13.568297088711862,-3.0554158964516347,0
0.34777414496206255,0.3484110759770738,0.3480926104695682,0.46028489669937783,-4.945306726367562,12.25127399348745,-3.46495732526794,0
0.34790225974948424,0.3430591225226598,0.34548069113607205,0.4426232599454016,-4.569662405725325,10.052992083839726,-3.6161093536674813,0
0.34854943735229643,0.37610198783145227,0.36232571259187435,0.4252039555136259,-2.1667015154610567,6.01073132136897,-3.4054651346605382,0
0.3485071851914763,0.3760220760105619,0.3622646306010191,0.43691950261584117,-1.1843883266131456,1.4243195662198382,-3.9890034196098347,0
0.35272233824202753,0.3547844875546263,0.35375341289832696,0.4464378240111937,1.7021468576052428,-2.734493743280423,-4.348285875129799,0
0.34299919689580904,0.3712270048132452,0.35711310085452713,0.4531207205589886,-0.5674614596800609,-6.480002013320467,-3.741661360522903,0
0.35485753558021194,0.3472924648321255,0.3510750002061687,0.44172306695960895,-2.877602186179132,-9.710771593224681,-2.978934768484302,0
0.3726634144022771,0.3489294473317844,0.3607964308670307,0.48352599389918616,-3.553236451007166,-13.12529532006176,-1.9843997457641809,0
0.4031745454038122,0.3340535119430627,0.36861402867343745,0.505404958838633,-3.115738397970375,-16.029390768828648,-1.3202407824893745,0
0.3762560716241726,0.3061581168088675,0.34120709421652007,0.5015479279267302,-3.5669615420111995,-17.339375468100748,-0.23317336230824195,0
0.37663547439532225,0.3011191660079274,0.3388773202016248,0.5204934954488752,-4.066663301915213,-17.513755756323246,0.4445789316452389,0
0.3847990110465802,0.312843081595867,0.34882104632122357,0.577948476533678,-2.460542724265906,-18.305862890714568,0.912840555683651,0
0.40422739069994906,0.29777487525543245,0.35100113297769076,0.5869353921100536,-1.8147810012660273,-19.220503384663957,0.9036182374611936,0
0.3854958030259362,0.28963176513676603,0.3375637840813511,0.5567854149524707,-1.5502520222547957,-18.665613714470453,0.6555284162006184,0
0.3663675205359892,0.3010039394065242,0.3336857299712567,0.5858514555938297,-1.642146597058428,-17.458557054794593,0.6820622469961292,0
0.39687756866546325,0.2787996649490782,0.33783861680727073,0.5643198917552454,-1.7749659274734597,-18.516342163133267,0.5124191117834029,0
0.37538463661727745,0.27419806955229065,0.324791353084784,0.5574314669457037,-1.777803253385457,-16.48135769399728,0.5962477392106971,0
0.36542197128863263,0.29258882787490814,0.3290053995817704,0.5339905622354771,-0.9803066600184707,-15.531752529365342,-0.0681348397364443,0
0.32182147928632177,0.2738640833047797,0.29784278129555075,0.5217200606933834,-1.9380129018052799,-12.683858634278307,-0.015350279880769695,0
0.32201049095003786,0.2713480746698141,0.29667928280992595,0.5590702317926288,-0.02419273415631551,-11.14889540151617,-0.5620279325627635,0
0.3334308836221082,0.25684933160247564,0.2951401076122919,0.5386233820948491,2.4466994214593853,-8.797801433202661,-1.5457331733356767,0
0.36762776622815024,0.2766253022533964,0.3221265342407733,0.5173758428019531,4.600761387019958,-5.29241406394606,-1.598669837558108,0
0.3601954265787813,0.2501316409685697,0.3051635337736755,0.474785275323733,2.8696287703762096,-3.2033347527891802,-2.1837614615683365,0
0.35058788310626116,0.2752986052915907,0.31294324419892594,0.4588954866772461,3.8391461489915457,0.32484733289699946,-1.4383618715431201,0
0.34604052762557846,0.2823586536039275,0.314199590614753,0.4557817290042421,1.8886878533648144,3.418944056290435,-1.7348687881366869,0
0.3501243314624486,0.3067547927139085,0.32843956208817854,0.47890829855577005,0.4409041111809415,5.96439608813372,-1.6742104659977417,0
0.3578202516576631,0.32643471428199416,0.34212748296982864,0.474780929007569,0.010072099651267763,6.121374035183864,-2.032480983903887,0
0.35640205766052624,0.30679757840791944,0.33159981803422284,0.4827881031547569,0.7007704466350901,6.360650046580348,-2.1231429293374173,0
0.35940028628375253,0.3207992068152685,0.34009974654951053,0.4836322008288913,0.15458644844119362,6.93630525276156,-2.2954412804506124,0
0.3552177660447657,0.3314800841469888,0.3433489250958772,0.48348558880670045,0.12500932641981422,6.9278979362344035,-1.928302965438668,0
0.36474323455563523,0.3224794383339196,0.3436113364447774,0.47020325117257383,0.8529723783314864,5.371335874555389,-2.1355238399790046,0
0.3530156911619821,0.30392222501682703,0.3284689580894046,0.47226719429895697,1.0687077434533592,5.432741887523047,-1.8377692167745006,0
0.35775655761932723,0.3003038222190357,0.3290301899191814,0.46825775436809913,1.1402239199336464,5.353923790806669,-1.7111685744535188,0
0.34749429178181773,0.2929085392458463,0.320201415513832,0.48626420559781264,1.6051430392916473,5.318098766240016,-1.8307273511221633,0
0.3519903707485138,0.2900867536410807,0.32103856219479726,0.5003677079473359,2.034347021776199,5.2389402259687685,-1.6875754283001008,0
0.3482232414468036,0.2990417117976143,0.32363247662220895,0.5293617255169559,1.09662819237343,4.824773722360173,-1.8722101073912834,0
0.3480945346393733,0.29982162315306465,0.32395807889621897,0.5018543902910051,0.8630881686171392,5.390528476448369,-1.8296709128484872,0
0.3577508539683246,0.3040355354560477,0.33089319471218614,0.47374180181433995,0.7237687626723357,4.762249705761825,-1.7687127456060485,0
0.36887502522407983,0.30819451181251334,0.33853476851829656,0.44712140587840915,3.1787705338940384,4.062450327577972,-1.9189488139694855,0
0.36348192969166404,0.32011410462457796,0.34179801715812097,0.4696989951861311,4.12852872224471,2.9583977522468214,-2.2647161500798894,0
0.37787050014311274,0.3045298201650345,0.3412001601540736,0.4468627065961319,4.246049465894771,1.8024463521138607,-3.1084136877937936,0
0.38777162650365055,0.30482027853256655,0.3462959525181085,0.4380965358540694,4.961386698845445,0.5092693163741565,-4.019226814942375,0
0.3820377424693988,0.30542454681644665,0.34373114464292276,0.4674568906491589,5.215418183482598,0.30777611852011394,-4.383195018696036,0
0.38405642664674217,0.31312003073453787,0.34858822869064,0.45815678627329315,5.909797431966069,-0.11230918366499455,-4.7933732686498915,0
0.3793685423840695,0.3012462572199292,0.3403073998019993,0.44818203026321046,5.787836243563902,-1.084937870883813,-5.278644275049322,0
0.3875138952405103,0.3113700693800203,0.3494419823102653,0.44776360953497385,6.129786602314965,-0.6778392250161854,-5.5026737743140295,0
0.39880145223796515,0.29421764280011703,0.34650954751904106,0.45712004879310625,5.154951660533101,-0.8881681806648055,-5.734497622449604,0
0.3940429184952092,0.292954700344437,0.34349880941982314,0.4683792227802344,4.521937375845312,-1.2719948590277042,-5.76870901729903,0
0.3894979375438768,0.28273504948526434,0.33611649351457057,0.48479273089361835,2.6520565048633102,-1.429304411713378,-6.0911078694840475,0
0.3929393041496707,0.29194433659886504,0.34244182037426785,0.5006884999253728,3.1715445519989203,-1.1664579073431611,-6.225802797674355,0
0.3961638788267875,0.30105680267347695,0.3486103407501322,0.5192783877476433,3.6568544989725638,0.14635341096637974,-5.741092299294058,0
0.38989340169166803,0.2974757005847474,0.34368455113820773,0.4842160804769694,5.892653425442887,0.71915393810989,-5.344440923702876,0
0.3891810766509015,0.2982852467983628,0.3437331617246322,0.45211966889839705,7.177292629392525,0.5724610356369926,-5.267449405877236,0
0.38468842720780916,0.305462314993565,0.3450753711006871,0.45107255012793207,6.182926769648759,0.4068764550668714,-5.311955838991418,0
0.3851725885494114,0.2889925277326008,0.3370825581410061,0.4669629720006217,4.6867604703744234,0.07920036827202184,-5.544190250844938,0
0.39062532320521903,0.2840539602145336,0.3373396417098763,0.48781906930347907,3.419854761618268,0.25688082360690284,-5.517743237301903,0
0.39518004799606393,0.2871844753595101,0.341182261677787,0.6140397023441359,1.7631669439375912,0.4956123682478835,-5.378431604861376,0
0.3893985021996499,0.29682783825887576,0.3431131702292628,0.6754578032501524,1.7956200958316515,0.0202969262541549,-5.231742885969252,0
0.39007815244811583,0.29850113099056463,0.34428964171934023,0.7185965194632017,1.48372225774213,-0.08221188062655778,-5.074645379106799,0
0.38811824445043347,0.31856548352552655,0.35334186398798,0.7456375929360294,1.0129566615295857,-0.05112934092144498,-4.956722383410197,0
0.3815801088804564,0.3122549190271235,0.34691751395378995,0.7651887007713394,0.3412052040456217,0.4083343827832466,-4.745992777792634,0
0.38290792389676687,0.3061916148943513,0.3445497693955591,0.7500609707923638,-0.10372083318480918,1.027467514485718,-4.60131315933217,0
0.3859962104614719,0.3002000908428513,0.34309815065216165,0.7370003946716196,-0.2530094667910703,1.0768115038204091,-4.533287286077886,0
0.38297608702197133,0.2993739461422406,0.34117501658210597,0.7481408200750365,-0.488934328429508,0.8434175485969948,-4.482679907941918,0
0.388989884929426,0.29949681310799814,0.34424334901871206,0.7317121156121409,-0.534456644826804,1.4986412749356464,-4.041785439829444,0
0.3856399717297534,0.2942669352546001,0.33995345349217676,0.6961537719377202,-0.840654434696603,1.5320074880849652,-3.597638708468684,0
0.38357068563534813,0.29248982352509084,0.3380302545802195,0.6933589009419519,-1.0322410163627467,2.0978745132076644,-3.228273344296268,0
0.3902579366990077,0.3043555470236898,0.34730674186134874,0.6939761719814268,-0.1426714129842992,2.1063938300766742,-3.1027478521254763,0
0.3835016822763694,0.29055225390321493,0.33702696808979216,0.6971019276748321,0.4065379703708061,1.4525447890416576,-2.9332357148370605,0
0.3834450407092764,0.30005152330092694,0.34174828200510166,0.6732662741295825,1.3873203923039057,1.170170309438248,-2.710443471570114,0
0.3809298583828223,0.2847420742304657,0.332835966306644,0.6783464014208396,1.44484046726987,1.0572006564189305,-2.832413961888625,0
0.375867676833649,0.2874197351593307,0.33164370599648985,0.592360197615879,0.7564655404037808,0.912219847444509,-2.78736318893362,0
0.35877467992937545,0.2903674318700244,0.3245710558996999,0.5528355805885534,1.1759272406798686,0.6138405292687596,-2.8862872835548483,0
0.3576957594853288,0.29330894714394223,0.3255023533146355,0.5492135762320746,0.0699006579044692,-0.16983144653340534,-3.0717861776342197,0
0.3491215007434864,0.2978720889819247,0.32349679486270555,0.5442443282517386,0.17845841999223921,-0.1740953728114074,-2.9758355477077654,0
0.3414115420968966,0.29917920291454364,0.32029537250572016,0.5310027971067055,-0.04909900941763112,-0.3496754253958744,-3.2363628317998363,0
0.35227566732924076,0.29837249126853616,0.32532407929888846,0.5374512561275379,-0.2605972669878156,0.3324290706404372,-3.18805360324543,0
0.3492097870619051,0.28196134317559063,0.31558556511874786,0.5377894935830482,-1.4008897718693163,0.004614648296796492,-3.458636348303364,0
0.35749850358200164,0.2910495094075811,0.3242740064947914,0.5428969778069462,-0.19344411414544993,-0.020569588827651763,-3.5471902066554173,0
0.34775601675882445,0.3007172920065747,0.32423665438269955,0.5543335869436314,0.6122802791499851,-0.7540889461333952,-3.531315323145395,0
0.35007878180877205,0.29636184724112613,0.3232203145249491,0.5661202432737832,0.438241551485163,-0.5308394082019127,-3.1890621197551474,0
0.3696157951139792,0.2960896233962914,0.3328527092551353,0.5151725694578161,0.38865236482072874,-0.86544666180764,-3.499253387769568,0
0.36378324667806505,0.2962755462641262,0.33002939647109564,0.4653997046656799,0.6173012012036736,-0.7060223747708436,-3.2324492768778468,0
0.3700298851965226,0.30208440203448544,0.336057143615504,0.4601127840779593,-0.3097329926161194,-0.6116397209240377,-3.4176516358519016,0
0.37156078022693784,0.30501843228895037,0.33828960625794413,0.42406250223082415,1.2214583254952913,-0.8370127061685503,-3.224443819929343,0
0.36033614868197317,0.3091996894804064,0.33476791908118975,0.41121028722192826,1.091027334155541,-0.5355033724576743,-3.388954412559453,0
0.3524552370468416,0.2788186044727117,0.3156369207597767,0.4458337008450571,1.0615482906115403,0.329153878849426,-3.6886388574164632,0
0.34019095674766897,0.28713575399526853,0.3136633553714687,0.40723889299715593,0.19353064602134395,2.4070556343024596,-4.084282811760865,0
0.3406500767336175,0.2800513341436944,0.31035070543865595,0.403864620154287,0.00538548356632873,5.240716888944954,-4.499758233630464,0
0.3379045465179755,0.2809358714494686,0.309420208983722,0.4180826474558128,0.15534789157203477,7.190268399077987,-4.61840181777203,0
0.32729653865735553,0.2953814660063612,0.3113390023318584,0.43973403118080184,-4.119676272299927,9.828388015212402,-5.013986064820469,0
0.34942570171782217,0.2970105898860698,0.32321814580194597,0.44158849599080624,-3.5053286446497225,10.633784190793591,-5.793035669441835,0
0.3564648419155565,0.3476336782566919,0.3520492600861242,0.5105276698816251,-5.006691537610891,11.947594936828366,-6.396473445575122,0
0.3606518336826821,0.369511628256958,0.36508173096982005,0.4879359455348008,-5.8291880590552125,10.66868896962148,-7.187765481688284,0
0.3506944997035039,0.3438528447569317,0.34727367223021777,0.4864064312936999,-6.414376088269421,9.184329533041778,-7.64867448034661,0
0.34325286317117515,0.33955713096658574,0.34140499706888044,0.48086072475221703,-5.784971557799679,8.629535208717217,-7.973953200777204,0
0.35743464695253707,0.3474081945955469,0.352421420774042,0.4524931964257404,-4.536011610502385,9.204354669347445,-7.925444159689979,0
0.3459241504921394,0.33823885318376157,0.3420815018379505,0.44948193811259923,-4.753647445160027,7.885876140693553,-8.324934491464,0
0.367530063125176,0.34203822765544606,0.354784145390311,0.4377575907554611,-3.496718075677734,7.8968259547461335,-8.024755239675196,0
0.36667578304083515,0.35151074149473777,0.3590932622677865,0.43805391317216813,-3.2081596604723472,6.138568595884024,-8.014591510376723,0
0.3365621783545793,0.3227625566834969,0.3296623675190381,0.44233473168742526,-3.3791620123056703,6.1504536413036925,-7.755271427969944,0
0.3476469767261891,0.33280554937809015,0.34022626305213965,0.45129610765736516,-3.3821063824474606,5.926895673510853,-7.702898196053642,0
0.33654981755260466,0.30772547568493386,0.32213764661876926,0.458798251783439,-3.5418599333099223,5.714910926449576,-7.655286137093196,0
0.3081136018873124,0.27519536145741763,0.291654481672365,0.4355923486131239,-4.185016642348813,5.7246043050771345,-7.356781857175044,0
0.30915515240598335,0.2637337612780108,0.28644445684199704,0.4396575832354067,-4.492410873568076,5.128256862355915,-7.62877434028732,0
0.3053946017214034,0.27701619903649805,0.2912054003789507,0.4390295630345549,-4.5741353247493635,4.034375475495476,-7.700750562215695,0
0.30975916058482844,0.2842394285622631,0.2969992945735458,0.4284287668954732,-6.331567558684895,3.209762201648108,-7.974180189178813,0
0.30902954644739866,0.2752958767081928,0.2921627115777957,0.4549953551486867,-7.18084393899241,2.656321482387926,-8.279192065503894,0
0.2992338319474054,0.2762926615906226,0.287763246769014,0.48471882061135546,-7.330235351028932,1.6898636103526536,-8.98739926954229,0
0.29223503496936337,0.2727603247040214,0.2824976798366924,0.4777394743958869,-6.625207491947663,2.45780015658324,-9.641599867598128,0
0.29767123215650804,0.2817307520216286,0.2897009920890683,0.46448312189297025,-6.0195106112279575,2.1553479318335587,-9.723807477881332,0
0.30640195559309585,0.2895760701563113,0.2979890128747036,0.4629950285950131,-4.765251648948748,2.981576270213742,-9.41890334331549,0
0.3034197546608674,0.2694814572868055,0.2864506059738364,0.5246920670512096,-6.597621267534947,2.489647319723268,-9.989344687899443,0
0.3127012580575538,0.27287913432739686,0.2927901961924753,0.5266564027643457,-5.877507324913694,2.687293103627272,-10.126052761598528,0
0.30322557180204246,0.2935446855733742,0.29838512868770833,0.49687052506895507,-7.2936625769922045,3.009051312157608,-10.419506163568698,0
0.3072993722872735,0.2886387855641658,0.29796907892571967,0.48828900569472766,-4.043781173837942,3.949117489451303,-10.604789461539132,0
0.30664350053613576,0.2999122996982836,0.3032779001172097,0.471848755830451,-1.3453049053364623,4.9548065541279644,-10.865097242544778,0
0.29353563639440156,0.2903018266425,0.29191873151845077,0.4731786388427257,0.5409049891873394,6.601130675207011,-10.569384659942386,0
0.30067436785393375,0.3005296434705857,0.3006020056622597,0.4441327923032168,0.8062394181303318,7.232134490425376,-10.744056363849655,0
0.2933832540551286,0.33897519704133383,0.3161792255482312,0.4196320259770348,1.3518554033606165,7.384432827491061,-11.01161640467704,0
0.29969833175084215,0.2641618650760192,0.28193009841343064,0.43700795616903404,-1.5336354233964187,5.023113135368375,-12.056536259383876,0
0.30414085406152613,0.28009189812665614,0.29211637609409113,0.47618752315202156,-0.8873202692024051,4.354347235663973,-11.535085785646196,0
0.2908440266683387,0.31366382147201205,0.3022539240701754,0.45478510264939087,-0.5839648807242384,1.7367287262598075,-11.404455177620825,0
0.2827406733943139,0.2579063558507255,0.2703235146225197,0.46531449858882395,0.24742046263412476,0.29225261023434596,-10.558489917144506,0
0.27636273230262004,0.2537180952136151,0.2650404137581176,0.4846456393826137,-1.467903464234439,-0.0413439401387413,-9.769119078718841,0
0.28902316045184523,0.24443049443738143,0.26672682744461335,0.48791096286246444,-2.447272794293042,-3.49503151214505,-9.199066389301365,0
0.2770181378021661,0.24417096308344932,0.2605945504428077,0.43801323967797706,-3.237110417269207,-3.3042550754146705,-8.018980878900432,0
0.2793264483139404,0.2412563536628193,0.26029140098837983,0.43338504298288966,-5.852688699147052,-3.8296504964988243,-6.842152271135406,0
0.2922181467229223,0.2646819327775046,0.27845003975021343,0.44408982176831446,-4.449491251313759,-5.317594011838654,-6.122274693236847,0
0.2977822558923032,0.27542897683101597,0.2866056163616596,0.43776400051385905,-6.002408797650446,-5.0762783661586885,-5.245814658819326,0
0.2921335329872139,0.27525920451577474,0.2836963687514943,0.45499246387646164,-6.304707058457126,-5.151193828200958,-4.560519527577973,0
0.30170280568685265,0.2609448184573366,0.2813238120720946,0.48849468827937415,-7.181450403598632,-5.411112525344883,-4.379014293683393,0
0.2903778492772065,0.2705688428471702,0.2804733460621883,0.49039596106939487,-7.3217117585653,-6.127567265336641,-4.0701953043043595,0
0.29329526621560015,0.26606206762251144,0.2796786669190558,0.5061724560807983,-8.676195597013418,-6.355934189886407,-3.8055980431479144,0
0.31521848508569333,0.25565091573254134,0.28543470040911734,0.5190045998791627,-10.107330636213959,-5.480205154476538,-2.55435230544923,0
0.3066324783115984,0.27575581732579485,0.2911941478186966,0.49521714850514253,-11.250167276997985,-3.2968702215534047,-1.333536580825416,0
0.31235173234388064,0.295531264868278,0.30394149860607933,0.4813720942647665,-14.187762116888678,-2.357905123850809,0.21022355784136593,0
0.3164688813901637,0.31572037339018677,0.31609462739017524,0.46519465316307357,-13.882997941757566,-1.0740654544714856,1.4868254422554017,0
0.32089201788845134,0.31723450016871413,0.31906325902858274,0.5150921577140585,-13.016323540726319,-0.885530772268029,2.156080297224354,0
0.31969904174399827,0.3130291150636249,0.3163640784038116,0.5171778824071754,-13.166848246681013,0.5673281810399303,2.382836685885934,0
0.33559120405934423,0.3260263515013818,0.330808777780363,0.5063572119508902,-12.95233513038508,1.4865354570007967,2.8958020452072204,0
0.3412714652584344,0.3283387409565837,0.33480510310750905,0.5069977964501754,-13.918715674814393,1.9216517827390485,3.0313063445432866,0
0.33904295884862157,0.3279617110334404,0.333502334941031,0.5081663280792413,-13.659979777867875,2.9558104139934986,3.031704410238313,0
0.3314150935321404,0.3349352148856898,0.3331751542089151,0.4877078116694738,-13.56578811223983,3.8873963153858027,3.1161718219714465,0
0.3252196437614778,0.34492416763839284,0.3350719056999353,0.4806693394615563,-14.353435387191723,4.151865282989149,2.931731332673517,0
0.3126339706655376,0.33657148988088104,0.3246027302732093,0.4810327367280447,-14.627386383370833,4.648848819735036,2.763170589852933,0
0.31417130677482497,0.34288610014640547,0.32852870346061525,0.4876543482426983,-14.898662458898968,5.153087124147178,2.834356659971796,0
0.3102755570464026,0.3504408737137097,0.33035821538005616,0.49446524801832553,-15.391475382350023,6.032519126589895,2.92202224652788,0
0.30421203278306963,0.34339403867679297,0.3238030357299313,0.49641748547219955,-16.170284665253007,6.520381170699047,3.0766469633095226,0
0.289848445644441,0.33510200589166284,0.3124752257680519,0.5110713910554012,-16.64168623825941,6.931980223056794,3.355036508227476,0
0.2795445591429177,0.33389451993400276,0.3067195395384602,0.497800440600524,-17.686435330498,6.595302749235526,3.392586400623286,0
0.248911346311083,0.3183858196748529,0.28364858299296797,0.5275009581370685,-18.029461805846296,6.603722223326511,3.5035345847778308,0
0.25215614494873906,0.294025707941184,0.2730909264449615,0.5330863165106928,-18.358398699954876,6.312781972829307,3.6297270676028157,0
0.25433738732788347,0.2924671962444078,0.2734022917861456,0.523147359112914,-18.703363476235353,6.47777929405044,3.5825485045676917,0
0.25393829143829144,0.28371478342796813,0.2688265374331298,0.5164652290179561,-19.200315359303744,6.631863253108641,3.4989050152264602,0
0.25978852102753586,0.2832299170720429,0.2715092190497894,0.5226532069136429,-19.077380903727146,6.444270641602987,3.3920128917753396,0
0.2647062232044158,0.2805979796583809,0.27265210143139834,0.5211187893167949,-19.44019370792384,6.331805308407585,3.478385648600512,0
0.26776931011731236,0.2826011398630559,0.27518522499018416,0.5173491241906615,-19.81195673217954,6.351344984176744,3.393336756974824,0
0.2711075739382814,0.28346184618661147,0.2772847100624464,0.505214449319485,-19.61788247209259,6.805684487316659,3.352211180985261,0
0.272635032845238,0.2884750847748068,0.2805550588100224,0.5116759825742814,-19.599239631130985,6.253174427913262,3.347863921993529,0
0.27887960709338794,0.29806104638044056,0.28847032673691425,0.5113245654892147,-19.45748456836759,6.2760295912821515,3.3791549904562608,0
0.28321309236394715,0.2973363601369128,0.29027472625042994,0.5139151619639475,-19.33826639461958,6.369989381541475,3.431274525262215,0
0.2848015868197429,0.3067475387532808,0.2957745627865118,0.5290969977721162,-18.985772372310407,6.424462324643776,3.3645972643463504,0
0.28745654577208934,0.30388324853871307,0.2956698971554012,0.5055574912302291,-19.05539906323284,6.1678524479291434,3.4059596741712643,0
0.2953689304603675,0.31615546639869213,0.3057621984295298,0.5059250131414477,-18.86441902948434,6.2014465424956455,3.4233075100665507,0
0.3004227929436284,0.3270666702623064,0.3137447316029674,0.5096060126079472,-18.275533434749974,6.561998559651351,3.4333744096400323,0
0.29896422869605116,0.33376912151633537,0.31636667510619326,0.49846116913220967,-17.956226486178963,6.179069116749966,3.3423974839042345,0
0.30422372384228885,0.3389517366102878,0.32158773022628834,0.4921967788158698,-17.545846042967156,6.431448924219234,3.3421889846574646,0
0.3023934577157176,0.33016109796639187,0.31627727784105475,0.4954335741674448,-17.52019130568084,6.641465194066523,3.199578208883172,0
0.3030762015620435,0.32891749974211126,0.3159968506520774,0.5108625457206362,-17.50401108017232,6.409440405751529,3.025361951145429,0
0.310214444599056,0.3292234132878763,0.31971892894346615,0.5326347307867629,-16.747510136714766,6.657531586055591,2.9979903580628693,0
0.31536958186362424,0.33402258397349555,0.3246960829185599,0.5323975808009117,-16.816483080134446,6.335492834504681,2.7776544194453963,0
0.32614129589600016,0.34346934304409527,0.3348053194700477,0.5508067525368139,-16.501686579119678,6.78138859682236,2.7537920202941373,0
0.3299847729165665,0.3531141186149299,0.3415494457657482,0.5494312472449405,-15.713091173804457,6.663630670528662,2.5742745367795337,0
0.33992577427578224,0.37588761497941897,0.3579066946276006,0.5360477506958088,-15.324587480320417,6.911793252361862,2.409983538134303,0
0.33916054547340635,0.3716100268580848,0.3553852861657456,0.5399412319388625,-15.1036251156155,6.540056544797214,2.537915207876062,0
0.3386303530871393,0.37985586592404674,0.359243109505593,0.5183655690896052,-15.141579000063388,6.655316741611669,2.3630900240133985,0
0.35515107454643263,0.3694752171399291,0.36231314584318086,0.4912543890545663,-14.13057884956919,6.253264700488644,2.1672034933819875,0
0.373295357058191,0.3494056376438803,0.36135049735103564,0.5196021161197045,-11.921773983982945,6.6660098943961215,1.9297031423133464,0
0.3598961465050586,0.34436327840242464,0.3521297124537416,0.5096729998641092,-9.345061416437346,6.192768430446779,2.0045769424434328,0
0.356472184946614,0.33111612570666576,0.34379415532663987,0.4996912644758877,-6.670612962998234,6.373519153419761,2.2819329237949297,0
0.34402130377820556,0.3172067974984375,0.3306140506383215,0.49234710437882506,-4.249779803020488,6.079562806658238,2.3281060951051487,0
0.3533409312768499,0.3180459299575335,0.3356934306171917,0.4949561366282822,-1.8736471307342697,5.6340123682607715,2.793815640017894,0
0.36137217599465055,0.3076707442921531,0.3345214601434018,0.49872631966315506,-1.0770934278915831,6.652143798734234,3.0106663419328643,0
0.3589429852345035,0.3040709834675923,0.3315069843510479,0.49571004963135884,-1.3326886856526698,6.295079744619526,3.015693783429321,0
0.3600454943581221,0.30572072027655045,0.3328831073173363,0.48565398774027385,-0.03425330320123976,5.381293023285075,3.2345688932421006,0
0.37201677715832343,0.30165800645260776,0.33683739180546557,0.4835568512289927,0.12106893922720019,4.886371044342765,3.261918300920875,0
0.3651942715706208,0.3021700231370494,0.33368214735383506,0.4961514179834204,-0.6347068637773532,4.805258617352368,3.022006007216258,0
0.3717940078116073,0.30025948040573164,0.3360267441086695,0.4891322989191943,-0.7935937148885159,4.725844972126136,2.869037041538529,0
0.3746456321200541,0.2987118985808879,0.33667876535047103,0.4855236785626091,-1.0545968610727812,4.762203002768443,2.6927552672836685,0
0.3722515715375329,0.3037926439468704,0.33802210774220165,0.4908066598742439,-2.0518071125282233,4.960948117697499,2.481342036241594,0
0.37377476034636803,0.30246337324052186,0.33811906679344494,0.48538202167829075,-1.9848948368833135,5.038173424183772,2.4885636768910957,0
0.372220586663447,0.3002060753109793,0.3362133309872132,0.4888671158979102,-1.7495087628793158,5.588689110685799,2.3912014274643054,0
0.3740281980066926,0.30215761575102396,0.3380929068788583,0.49370647857369876,-1.4299585931724152,5.363305286781164,2.329785730670169,0
0.3679980328278456,0.30911067515850593,0.3385543539931758,0.4930603745319207,-0.6798280598624444,5.428669544631616,2.2915702665689515,0
0.3705170655058067,0.3078365600560901,0.3391768127809484,0.4859947582065978,-0.3627540998712391,5.483225669242111,2.3037832511167298,0
0.34806154652683524,0.30048930553404896,0.3242754260304421,0.49169200435663757,-2.68303876078474,6.481771804257313,1.7270302750976263,0
0.35909347335641856,0.32085960399520824,0.3399765386758134,0.48661504639313785,-2.029263142150654,7.031955803953546,1.1933104578641942,0
0.3619568519836975,0.30900746644319266,0.33548215921344504,0.4903477777498148,-3.1719631315176002,7.7355102455591,0.25857112908016683,0
0.35714680951484246,0.30875731461732614,0.3329520620660843,0.5027444811344246,-1.0244050061916425,8.605368654568908,-1.0311400111684061,0
0.35882809658971815,0.3082342097289184,0.33353115315931825,0.4841161153194394,-0.5540492634997349,8.508611370428342,-1.9285842530224746,0
0.3553223486222394,0.31092484388895614,0.33312359625559773,0.4861287838899475,0.3248037261187733,8.546185278911096,-2.5640284104099065,0
0.36067477627986677,0.29739973505137945,0.32903725566562314,0.48402684022637327,0.8505783397147297,8.383006436806188,-3.001197062567698,0
0.3605034467148095,0.3034609145435547,0.3319821806291821,0.4598886354287719,2.078291492200151,8.000642301984605,-2.9922829695267144,0
0.3546300983804906,0.2946221208503733,0.3246261096154319,0.4554126793448912,2.0914437884532333,7.621426102372207,-2.995462333722065,0
0.3480028281300618,0.29575094426965637,0.3218768861998591,0.44709171241028606,3.0029456215702623,7.596393150797587,-2.9602768016071845,0
0.36355973036108435,0.30322069018406705,0.3333902102725757,0.45349006128734853,2.2607288208904492,6.682962857282273,-3.162451703836189,0
0.3421799651764722,0.2911489260964837,0.31666444563647794,0.4630075221997709,2.608635088262247,7.250476344162815,-3.016984890679473,0
0.3464391597942611,0.2928463088309016,0.3196427343125814,0.4712092086539976,1.8986724222535827,7.687904289788714,-3.045678325927326,0
0.3219403340951089,0.28391096745902733,0.3029256507770681,0.4871427041633067,1.8704502229501827,7.445977678293287,-2.8407621494517694,0
0.288861088253199,0.2674251239406298,0.2781431060969144,0.4892851788373569,1.539845967952573,7.455016782801297,-2.693424350988561,0
0.2513068396777839,0.23785094583814223,0.24457889275796307,0.474977120432463,1.2874735416634167,6.54234621411801,-2.699296531168114,0
0.24215544184804552,0.2345649851795171,0.2383602135137813,0.470251561473851,1.1141189158413454,6.96779118234474,-2.5367405161170735,0
0.23704020726053582,0.23184367192401073,0.23444193959227327,0.4744461623736802,1.832470090444815,6.414502917353424,-2.595991712819009,0
0.23732835174530856,0.23471211427871475,0.23602023301201164,0.4747780577446114,1.6663495650818732,6.578867888688313,-2.5003323993552526,0
0.25149113703075915,0.23989921314740628,0.24569517508908273,0.4797003414269452,1.1801382509072482,6.241943973562109,-2.523203846073042,0
0.2616011751413939,0.24407808447039592,0.2528396298058949,0.4643823840349247,1.0915001926377101,5.919473603053427,-2.290604322455504,0
0.2585832198842208,0.24831526394929412,0.25344924191675744,0.4662636786777558,0.5859562617012841,6.49587506094596,-2.223234592807324,0
0.26622032347145314,0.23740465590429827,0.25181248968787573,0.4709243209003161,1.6374493431983126,5.356054170493936,-2.267112300568262,0
0.2693857433062762,0.247355453099959,0.2583705982031176,0.46226827603420173,1.570970928966716,5.157513617807615,-2.1631094796312262,0
0.2753396231680783,0.25210212278141453,0.26372087297474645,0.46663257216378795,0.9775988876030794,4.794300203257927,-2.0893017929587234,0
0.27032227800835457,0.2492497186751059,0.2597859983417302,0.4685505426534354,0.7096436734549343,4.815785376875398,-2.0229608815293325,0
0.2747201311932453,0.2564991107609599,0.2656096209771026,0.46564479497875716,1.1208948352890502,4.586727711251886,-2.1242740031845804,0
0.27483325163966105,0.25415060701006037,0.2644919293248607,0.4646952349819967,0.9328672448933446,4.502443347936564,-2.0573411509272814,0
0.2826584368175471,0.25795316909314736,0.27030580295534723,0.44977328245432197,0.9569685676541155,4.883590004053538,-2.1817553307356516,0
0.2954594519749216,0.25987237923505396,0.27766591560498777,0.4359810392473222,1.12891167170946,4.8486702558451515,-2.13856378677409,0
0.287484467437594,0.2533018725950641,0.270393170016329,0.45540958503872875,1.4856803206327527,4.672707871391869,-2.373317681243799,0
0.285792993872416,0.25367230114616063,0.2697326475092883,0.447777146975711,1.8025599473344016,4.650367049973712,-2.3882734375853873,0
0.28570296832336145,0.2534213267087893,0.2695621475160754,0.44900790420192693,1.6578555363145995,4.634672388179743,-2.380937539937288,0
0.29169278600690535,0.2513498691260128,0.2715213275664591,0.4553471874900267,1.3098056680442198,5.007967901346758,-2.395181253615106,0
0.29453690180117675,0.2569733690965135,0.2757551354488451,0.44868789534793374,1.6238340389709833,4.965069015391192,-2.399345786323625,0
0.29719236203782035,0.2711472709931628,0.28416981651549156,0.4587268366532581,0.88182329756944,5.725969195053797,-2.356192902201443,0
0.29782637319459854,0.27717668306265747,0.287501528128628,0.4690926271174138,1.658647773109493,5.813995900255702,-2.409548195110423,0
0.31190493176715883,0.28340314524961435,0.29765403850838656,0.4679241499391347,2.0000919741988525,5.8195961800209695,-2.58911087373656,0
0.31405156918802996,0.29175564498940587,0.3029036070887179,0.47731091291221617,1.3729113932731707,5.446161652739199,-2.892433861618368,0
0.3245541153598231,0.29493582106129373,0.3097449682105584,0.46530075068649673,1.8541237972364684,4.891523528836316,-2.967974743600949,0
0.3186373626327952,0.2935766587003155,0.3061070106665553,0.45120186489911746,1.9656530123921812,4.652535696534507,-3.0364450891571906,0
0.32946130076544666,0.28429943216092685,0.3068803664631867,0.4466234772659323,1.9004216864645684,4.494100550813237,-2.931093986808911,0
0.3222501586479054,0.2776560501618038,0.29995310440485456,0.44126425751866316,1.5232225432492896,3.814520114242337,-3.0174800310906216,0
0.3184168555563285,0.27732843044188676,0.29787264299910765,0.42681183695028735,1.4310071465822887,4.237140895525467,-2.8264159306258843,0
0.32264400163789403,0.27361032703024124,0.2981271643340676,0.42122666567785344,1.7921661867325724,3.908623767086634,-3.0499851781058096,0
0.3232772477292949,0.28035469447072153,0.30181597110000824,0.4483060709032613,0.48029198513620486,4.569478336187458,-3.0043650999996725,0
0.3299318394375618,0.2872072722405683,0.3085695558390651,0.4443448593096412,0.9264212456070595,3.8981076739983775,-2.898837600706531,0
0.32642465768123863,0.2947049785789329,0.31056481813008574,0.4523290069682577,0.2571500557605191,4.348102873608132,-2.7885539617930895,0
0.33275949355782475,0.28528313888531487,0.3090213162215698,0.45963550572792866,-0.15796359596288312,3.5533477011958414,-2.9062227188530882,0
0.31293632382947406,0.2678226438186928,0.2903794838240834,0.4561859395376747,-0.27524049669992223,3.2741036656888554,-2.6317922359113135,0
0.29274327649533805,0.2656898994163961,0.27921658795586707,0.46726589135494573,-0.2657322341178485,3.4554757968231518,-2.505595488140503,0
0.2979788934472021,0.27116550692801433,0.2845722001876082,0.46788870701661806,0.6962833105430661,3.332588991338779,-2.322010015469736,0
0.31619283497673867,0.2766122244932509,0.2964025297349948,0.4700697324672702,0.5312758927127277,2.6061718236614717,-2.292882395774137,0
0.3130439222067566,0.2869185381354124,0.29998123017108447,0.4766590072557064,-0.25758716833692574,2.930956410404328,-2.144408372380321,0
0.31318554367728424,0.2913009977524194,0.3022432707148518,0.4758452799047679,0.07680925496364921,2.806174338124458,-2.2136407533920983,0
0.3167064867235894,0.2927585984747415,0.3047325425991655,0.4824462253760302,-0.6250569462789315,2.916942598024226,-2.099252402953286,0
0.30743887565946,0.2916347381414993,0.2995368069004797,0.48351269076551096,-0.6090863102106425,3.0289327593322946,-1.996234137609582,0
0.2981465737264449,0.29698794508932275,0.2975672594078838,0.4903604519095183,-2.308971030121569,2.565322366382322,-1.7251098567677228,0
0.3050083756886533,0.3009909673770911,0.3029996715328722,0.47874694851578126,-4.179840701259508,2.7991248941191746,-1.8291678170195775,0
0.3000633925969105,0.2932311128125078,0.29664725270470915,0.4590174053894861,-6.3980148017888325,1.9046179609691163,-1.848429228356222,0
0.3020221298980477,0.2585177110576924,0.28026992047787,0.4591772986583569,-9.745829277539002,1.0199951219669336,-2.215059321828831,0
0.3031760721533153,0.27276701897406525,0.2879715455636903,0.45164630585760596,-6.705812745799506,0.20656576276985975,-2.925175454772996,0
0.2893129074916753,0.2603952489933966,0.27485407824253594,0.45432441589835626,-6.79820975733665,0.495852500130632,-3.6762765621128133,0
0.30030780470152624,0.26008421550672534,0.28019601010412576,0.43056055704493373,-7.7828510726409945,0.9997540614520017,-4.487697264759657,0
0.30773153326032404,0.2740972765249655,0.29091440489264475,0.4653853514922816,-5.864441927729558,0.6750173171132183,-5.0426361209505925,0
0.3053979172762932,0.27457507929515873,0.289986498285726,0.45111890784570335,-7.3063869281243115,1.3931965226923027,-5.848110138912414,0
0.3209386112825892,0.26657766328197247,0.29375813728228084,0.4323738538131612,-4.703891761703915,1.2623971583047076,-6.000982275081743,0
0.3024679929895619,0.26461636890169726,0.28354218094562955,0.46642671622365317,-6.472693060558925,3.8222172722811196,-7.100027955658167,0
0.2965004357318015,0.2684108437530804,0.2824556397424409,0.46918241852567033,-3.940148244205915,4.19844325504944,-8.387216167444357,0
0.30889103480174496,0.28391777324035367,0.2964044040210493,0.4421576922597029,-5.066209774213121,4.239002479455261,-9.24672201973772,0
0.2856863771731256,0.26060853300494136,0.2731474550890335,0.42425356007763804,-5.9504687845965805,4.524724909944664,-10.700254009852047,0
0.2687978140021828,0.2619413744187358,0.26536959421045925,0.4479264630044528,-5.984429848323572,2.7114723144681854,-11.664339737725593,0
0.2846603308686051,0.2491982485985242,0.26692928973356467,0.4703561521017949,-5.681082770073687,0.24915245092978305,-14.063973395915006,0
0.30069370396702577,0.28132115594941776,0.29100742995822176,0.42070346972158273,-4.936150795174086,0.542983130677731,-14.517311134810157,0
0.29253199390061346,0.29090734083058545,0.29171966736559946,0.41959767131852443,-7.5849512225929345,0.6281771198037883,-14.699549994971521,0
0.30148142701433756,0.2898590384431292,0.2956702327287334,0.43216948143313766,-8.491631432685239,0.5525943957143439,-14.630381158773947,0
0.29380399038882216,0.2607603848500888,0.27728218761945544,0.42602865195511497,-10.852745168812447,-1.2435433568570946,-14.211839499618716,0
0.2855231914145893,0.2768667865483447,0.281194988981467,0.43104172461762164,-10.808812467617145,-1.4380045607712761,-14.130762834928868,0
0.281645814569149,0.28551076248142976,0.2835782885252894,0.44022220164604725,-12.059424916472977,-1.7106578278846314,-13.637066617779961,0
0.2756117908336498,0.26736226944715014,0.2714870301404,0.43655442159264124,-12.975619196842672,-1.306206371311339,-13.282574701892994,0
0.28475643271975726,0.27070856616705163,0.27773249944340445,0.4496692082737324,-13.124727912970172,-1.693664788760576,-13.002903390062832,0
0.2823451760575003,0.268345460618694,0.27534531833809717,0.42028013125964264,-13.26473512115706,-2.230863553535254,-12.771435269113326,0
0.28227046285487817,0.27113938725472325,0.2767049250548007,0.4386344305903334,-14.501043461370386,-2.693152533837537,-13.051734514223746,0
0.2917470576398662,0.2793656333724322,0.28555634550614917,0.4190811072156814,-15.285868275874947,-3.560274776108709,-13.876507609945067,0
0.27433617772183017,0.23829865623109264,0.2563174169764614,0.4076467332088698,-14.430267947658677,-9.415614022448707,-16.160517834018908,0
0.2846769336192799,0.25389700821235656,0.2692869709158182,0.4102422551057018,-15.654025328572033,-11.851994050124183,-16.6719403961661,0
0.3181541896467321,0.25978919271837964,0.28897169118255583,0.3936493198737012,-14.411263599011193,-15.200668715600306,-17.065616540287223,0
0.32599167473792745,0.2819863985681735,0.30398903665305044,0.42266847305995336,-14.385253144816176,-18.09368389515429,-17.035183273854994,0
0.33955999773763695,0.2767354213154866,0.3081477095265618,0.4368546914418789,-15.052849046183638,-18.97484309929476,-16.937569766400784,0
0.36059551021681685,0.2828566903876783,0.3217261003022476,0.46105598551413146,-14.939776904543209,-19.288138681108144,-16.477472572961705,0
0.3679924551858456,0.29943430509554236,0.33371338014069396,0.48249911653249034,-14.585970554436642,-20.378497357558448,-15.68547022536557,0
0.36095933049538703,0.29385690209437715,0.3274081162948821,0.5197079006122477,-15.920397682551851,-20.82417171340069,-14.389903049120255,0
0.36344960131820964,0.2884621107412646,0.3259558560297371,0.48937027099550134,-16.349314817655312,-21.282595325454427,-14.219887140559624,0
0.3589791474775091,0.2777076780234731,0.3183434127504911,0.4768660882803816,-17.61501892159282,-21.542969708709983,-14.107991108343926,0
0.34824197834837284,0.2769445119753149,0.31259324516184384,0.4642510094064766,-17.820051927333054,-20.5724549593711,-14.901943489245753,0
0.3256530037866973,0.28057570208993377,0.30311435293831557,0.4184499763181536,-18.129594010506622,-19.89366707879847,-16.364923205965045,0
0.359040213759651,0.2829023326700624,0.3209712732148567,0.47163171290848704,-16.85756899922771,-20.36646130433956,-21.14801789240615,0
0.3356992136193899,0.27836666472859717,0.30703293917399355,0.3762387328287458,-15.71256678789706,-20.33019497848365,-23.35465733913778,0
0.34592412382889764,0.27229013502120925,0.3091071294250535,0.3934759359345308,-15.474651792498747,-21.279086049551214,-24.219309396183345,0
0.3624800695803484,0.27272397090667333,0.31760202024351086,0.39943857034736274,-14.08014323949385,-22.511161128034757,-24.69537573889676,0
0.35183062483609,0.28588558747137455,0.3188581061537323,0.42105116181832103,-15.603623019375277,-20.419822016358452,-24.728328548015963,0
0.35207174628177,0.2728334701338825,0.3124526082078263,0.39075151798670926,-13.621462637021438,-18.57312414319487,-24.326192964846655,0
0.35129261561386593,0.2778552271136225,0.3145739213637442,0.3787820395447214,-13.266419885333846,-16.769128608407552,-23.404848328485148,0
0.34373527446581426,0.27996694329787,0.3118511088818421,0.37849346020916347,-13.153144739841366,-15.228609755860674,-22.31472254083848,0
0.3207496985274316,0.27972532720070264,0.30023751286406714,0.38428207310111084,-12.85499249408997,-13.88689387693655,-20.651905276826646,0
0.3223569256951003,0.27822794333255274,0.30029243451382653,0.38647002075342224,-10.307750594768635,-13.222046976780403,-19.072600584956202,0
0.20952463369345597,0.20331947416539475,0.20642205392942536,0.5475379081746587,-5.10954944444353,-1.9428951322422883,-2.2597620677844,1
0.2175917349454615,0.20683798959910255,0.21221486227228203,0.5258113597940038,-4.827089459548034,-3.0662804683855587,-1.7480256131785625,1
0.20524026080804267,0.2134833061289994,0.20936178346852102,0.5324023708528596,-5.731494142553629,-3.1936447250712736,-1.8541471983482805,1
0.20824782319436236,0.2028612114750483,0.2055545173347053,0.5274247442536355,-5.105184839640145,-3.0197643952482824,-2.026082266762467,1
0.20347506864578774,0.19927820699475787,0.20137663782027282,0.5275602130120522,-4.716929727725812,-2.9530399371453897,-2.099538705434422,1
0.19062580805664028,0.19554391113132052,0.19308485959398042,0.533148668013205,-4.0742959538506796,-3.0068937385599286,-2.2254740071918455,1
0.18645409100262883,0.18757458567007979,0.1870143383363543,0.5249062055027995,-3.867727064416812,-2.9667627399664465,-2.0647399479032895,1
0.19600941391492854,0.1784039728181727,0.1872066933665506,0.5152634339773385,-4.392109330638817,-3.0374325730599074,-1.9878813814998877,1
0.18986249738109692,0.16669435700209564,0.17827842719159628,0.5270455936961955,-4.655458849233526,-2.986500307946284,-2.014661069298077,1
0.16618769679318435,0.10540041210668494,0.13579405444993464,0.5254004506278918,-3.4549807407369144,-2.6958537237071747,-2.09825836854911,1
0.1244783697722049,0.10067877892323103,0.11257857434771797,0.5055879253062184,-3.3959318729678785,-3.11453199060151,-2.495038777728356,1
0.13528554910336504,0.074590599567863,0.10493807433561403,0.5159384558450816,-3.071611181871134,-3.051529605775209,-2.381620891595932,1
0.1342147445402322,0.04565985583246607,0.08993730018634913,0.49607511358420087,-3.2040411018888335,-3.2811824322042535,-2.119598197650679,1
0.1107995575348126,0.06045796217947851,0.08562875985714556,0.47491673993169176,-0.6775713649455781,-3.346143637156742,-2.7356330694054334,1
0.155301260093783,0.03618361799042438,0.0957424390421037,0.48453364315651204,-0.6207910280255362,-3.805083484735927,-2.775326025852122,1
0.15520305151041502,0.05320884254349005,0.10420594702695254,0.48910798848547743,0.5979083414235902,-3.6289571554765443,-2.8637106852217995,1
0.16134530889044285,0.0544206559168267,0.10788298240363478,0.5101019988300038,1.6928610790561436,-4.216426629318308,-2.9960132874422096,1
0.16181865932597717,0.09147987339237008,0.12664926635917362,0.5051748055007178,1.9162892766987056,-3.9077089320964533,-3.2137092285768323,1
0.15728386083660353,0.07543414513721475,0.11635900298690914,0.5107256590086364,2.886462160820855,-4.151902583016606,-3.477992517663933,1
0.1590699375096372,0.09894366577395805,0.12900680164179762,0.5125713253343354,2.6098110684012283,-4.189674590929257,-3.459796169170269,1
0.1414344901175852,0.07021259625544764,0.1058235431865164,0.5055399947465344,3.0782321536076154,-3.874609656143945,-3.483179712534254,1
0.09938921472030313,0.04157657832186584,0.07048289652108448,0.48616005782944677,3.7182134717816666,-3.6143676528178688,-3.7519059010896685,1
0.08964459423623948,0.05580530202981979,0.07272494813302963,0.490045893695919,2.8841477229990744,-3.614726003376428,-3.9571760600072463,1
0.09577020488381861,0.07547479715998993,0.08562250102190427,0.4896875850458536,4.025522545789983,-3.9483255103521473,-4.347477897027655,1
0.083192085915127,0.04073593598599255,0.06196401095055978,0.47613323190745976,4.1995759681324785,-4.191160943701275,-4.204457858798017,1
0.07773006789133174,0.03552204233454335,0.05662605511293754,0.4719020997872554,5.601132005593996,-4.518112293890278,-4.310395722821787,1
0.09339514417071783,0.03215130677130875,0.06277322547101329,0.47922285782032664,4.796986412702552,-4.529619321087482,-4.425260652532399,1
0.1458633356749795,0.051604052625068536,0.09873369415002402,0.471913458233692,4.257558233308117,-4.551235528429398,-4.444195909206831,1
0.13740066402791398,0.06538033164698558,0.10139049783744977,0.4810400782843702,2.945289581992199,-4.249901394018224,-4.124862615114957,1
0.15997047605360995,0.1386648409947852,0.1493176585241976,0.4799740500527292,-1.3016844552245743,-4.071752273370823,-3.3294223122972593,1
0.17428674436081462,0.18673941361822186,0.18051307898951824,0.4737104788993188,-3.6887256786790488,-4.053795594181722,-3.397844689225137,1
0.1762245495461556,0.1911576176769672,0.1836910836115614,0.4926828272089324,-5.475013755720454,-4.085487759989885,-3.1053323065763307,1
0.1899675206237284,0.19468567727628405,0.19232659895000623,0.5164180460708623,-8.448379966730187,-3.495891840540186,-3.042728400092916,1
0.21747360556758108,0.19317335165022645,0.20532347860890376,0.5098054926848676,-9.442579734889733,-3.7263753551104943,-2.8537866563608696,1
0.22692321475601573,0.18360895095756236,0.20526608285678904,0.5126498017535394,-9.526610350206766,-3.6788017780383337,-2.9014140893323606,1
0.22743652483868684,0.18336254480947442,0.20539953482408063,0.5056987880411965,-9.888929312887313,-3.7972878093962485,-2.887226945643047,1
0.23139998656531346,0.1731066338102362,0.20225331018777482,0.5207461250931488,-9.992599327530456,-3.6234031613458972,-2.888281501714159,1
0.2267592674972091,0.17317374766696753,0.1999665075820883,0.5270327288094148,-9.581774225376506,-3.350854287654968,-2.83707387109289,1
0.2241555282035502,0.18633939740372804,0.20524746280363912,0.5222459556883706,-9.51918072433341,-3.3340245242124458,-2.818361935558282,1
0.22157855131876952,0.166770941274664,0.19417474629671677,0.4986976747594321,-8.742401941130993,-3.429478824425143,-2.7353729048453723,1
0.22329735483750093,0.16155719009430441,0.1924272724659027,0.5184106593405142,-9.805610008155213,-3.2203357855151005,-2.659431573278062,1
0.2245676826578333,0.182239242529758,0.20340346259379566,0.5285629443445814,-9.998205185283496,-2.6465252160583357,-2.2928365476150994,1
0.21936126815875118,0.1800397024150838,0.19970048528691747,0.5079867686173072,-10.994173235464274,-2.717028739496431,-2.171808794796984,1
0.2228880693139948,0.17236176416530508,0.19762491673964994,0.5053064750943873,-11.874432203390114,-2.608190571290167,-2.0964545673265134,1
0.207711658598014,0.14901903830546825,0.17836534845174112,0.49999925155955877,-11.98056607542378,-2.381074491461684,-1.8377027241387187,1
0.16602734938517444,0.10165006295653538,0.13383870617085492,0.5152558793924317,-13.80602925290546,-2.142761885322197,-1.709807386541712,1
0.14551519071147928,0.07448390317079305,0.10999954694113617,0.5125826377384546,-13.10692904233548,-2.191940163503234,-1.6431550665740255,1
0.10457888949889003,0.05775107200303975,0.0811649807509649,0.5088787927902724,-13.254357642800784,-2.2661143169501714,-1.4185519434430423,1
0.10772488344615057,0.05331215856804485,0.08051852100709771,0.5001154527041285,-13.747301384673136,-2.3832420367401683,-1.15857439216036,1
0.08504051066860759,0.05217231919558598,0.06860641493209678,0.49374063243774596,-12.788860832319159,-2.33393095742745,-0.9639639271778105,1
0.11265285910990772,0.08679967673043237,0.09972626792017004,0.5014344098607532,-13.185270429784168,-2.303217259485106,-0.753905083297887,1
0.11858201654670182,0.052287295188620284,0.08543465586766105,0.5078682155247196,-14.07103773351244,-2.598154814975336,-0.5435859490428248,1
0.09287035712298607,0.046095525184284926,0.0694829411536355,0.4953557012969747,-14.168008666081363,-2.5934905401074513,-0.34072721205544243,1
0.08543582890304735,0.07431495601002319,0.07987539245653527,0.5024343252953993,-14.618738143212,-2.8188069937785243,-0.33772307585866584,1
0.08023020038624004,0.041333023377948176,0.060781611882094105,0.5079345816279817,-13.277680158929172,-2.921668194362313,-0.42613052071010826,1
0.0815539871484285,0.061809975363479375,0.07168198125595393,0.5160627982063803,-14.164288663881223,-3.116091175682203,-0.3937089484761603,1
0.06057974767715428,0.04272242951502467,0.051651088596089474,0.5114802389755138,-14.090906167606164,-3.0336986534580714,-0.4323611376695071,1
0.05661896440187321,0.03887400495121532,0.047746484676544264,0.5021061348946942,-14.027759059272881,-3.187787108574181,-0.43820550541242637,1
0.09185663111845555,0.05364289793548871,0.07274976452697213,0.49847902031431346,-14.433396150161116,-3.362701823497841,-0.5357428818653386,1
0.11766031617249365,0.11594712712024557,0.11680372164636961,0.5060757832941954,-14.469967802955523,-3.335282437897452,-0.6581252044515602,1
0.17398937078425822,0.15538776667351933,0.16468856872888876,0.5001022934897048,-12.981995123479095,-3.859400388235302,-0.6907957181867826,1
0.19610683934540757,0.19046136941189418,0.19328410437865087,0.505711932805701,-11.511605661219875,-4.614650174627855,-0.7517607111633324,1
0.235668123307397,0.224907803042084,0.23028796317474048,0.5226252306176289,-10.433260734290258,-4.410750662474095,-1.085254408289733,1
0.24661143968001845,0.24771287124482008,0.24716215546241926,0.5254683641467965,-9.221966330206811,-4.128368301417965,-1.2108230359050076,1
0.27330664319143294,0.2509850965600965,0.2621458698757647,0.5284686823005097,-9.129419061642295,-3.9946801305686908,-1.2778436090953067,1
0.28297574335507375,0.2520033862869028,0.2674895648209883,0.5451417124818901,-8.996762781338333,-3.959529712413484,-1.3870132438335818,1
0.28945562971307937,0.24565423185164734,0.26755493078236336,0.5262606712821328,-8.844107892279368,-3.6460004883326076,-1.514333796430853,1
0.292119334715176,0.2541428338451146,0.2731310842801453,0.5195197391628799,-7.53500253318316,-3.7017548305461854,-1.76920196544195,1
0.30134215292104,0.2593996989948712,0.2803709259579556,0.52196342047468,-6.6722237952417345,-3.527175876690563,-1.9346988837806631,1
0.30629191264383754,0.25670998326719874,0.28150094795551817,0.5102721457399461,-7.024337828147054,-3.598474574538093,-1.921721490510165,1
0.2992608227404644,0.24978953616948568,0.274525179454975,0.5291763129292311,-6.293643764577098,-3.383951003517334,-1.8898972668665603,1
0.3012526120460226,0.2534787439276087,0.27736567798681566,0.519903994901355,-6.302955115836966,-3.4457159316508923,-1.9854185403555404,1
0.30513576660605957,0.2492191541333602,0.2771774603697099,0.52477535366861,-6.991679064572452,-3.24881007765548,-1.8764931346069025,1
0.2992080610619955,0.25382821469942896,0.2765181378807122,0.525361733859943,-7.219087352109,-3.0581355774396672,-1.8014205859203922,1
0.29989497382247843,0.2557468560211625,0.2778209149218205,0.528565724244838,-7.014728277083236,-3.201667375813904,-1.9371473820015033,1
0.3050547048758462,0.26069564561547504,0.28287517524566064,0.5202080700650115,-7.0730235153071135,-3.1088842948400646,-1.9084908032567394,1
0.306957253821897,0.261786780579308,0.28437201720060246,0.5165680394478889,-6.778571784214506,-3.101007780534635,-1.9523857968274292,1
0.313762675671418,0.2596643468001605,0.28671351123578925,0.5167283937772413,-6.781448270028079,-3.298796681100435,-2.009518093910928,1
0.31189367659182143,0.26244829334114705,0.28717098496648424,0.5149812280621173,-6.656454179300994,-3.175314751857285,-1.9805762793823034,1
0.30986757040885005,0.2576237617666135,0.2837456660877318,0.513157110768281,-6.218021017000694,-3.3063274938783205,-2.0385168288136253,1
0.3134099225119354,0.25757285296693994,0.28549138773943766,0.515402509645443,-6.530267069028582,-3.1832422435561165,-1.9958499939879941,1
0.3108319502911769,0.24739640219578185,0.27911417624347934,0.522051945228685,-6.989654822196513,-3.2498123671930856,-1.9038328307008032,1
0.2879092317835173,0.23941269182457656,0.2636609618040469,0.5249749159189048,-7.688940526547697,-3.4353361914562472,-1.7770250422805114,1
0.2632482495226384,0.20197986088831896,0.23261405520547868,0.5271482488771251,-8.21847407081475,-3.2628860387689698,-1.6869624171273914,1
0.23446402887579124,0.17548964972088604,0.20497683929833865,0.5290460383921608,-10.272814969973012,-3.0255823375000603,-1.8007210371074145,1
0.23525682127533595,0.14113411628959682,0.1881954687824664,0.5243428015605559,-11.97282536493276,-2.8662402447305126,-1.775357646972214,1
0.2144638370292018,0.11235802175736305,0.16341092939328242,0.5083772465817407,-13.248172605274249,-2.696959912675757,-1.5673446383505238,1
0.21080987463063228,0.12002784366603483,0.16541885914833354,0.5085437782753458,-13.412887346229638,-2.63322269939268,-1.5519541399494639,1
0.18114553037117462,0.06906451859079536,0.12510502448098498,0.5089215964218985,-14.364039584030394,-2.0523502905004185,-1.3193515964944857,1
0.144160742349293,0.06671549508520719,0.10543811871725009,0.5056375118861177,-14.651468518034818,-1.737074350111629,-1.3489004242265934,1
0.13384943484190276,0.05314552973060926,0.09349748228625601,0.5130005056587262,-13.960203469426943,-2.176713475625602,-1.3127086795500813,1
0.12080718793947255,0.04916453224951435,0.08498586009449345,0.5122894352429812,-14.343628066726097,-1.9068688348015843,-1.261158118814951,1
0.11172859676528644,0.021888080476298706,0.06680833862079258,0.5041761384992263,-13.624507169622092,-2.107142851056227,-1.2503332770016597,1
0.11921471676650391,0.03487343000459799,0.07704407338555096,0.5110942569351776,-13.641159605829955,-2.3691097410904938,-1.2713056514527348,1
0.0971405982370171,0.023151593162943646,0.06014609569998037,0.504431766764751,-13.757096555303718,-2.274226091317818,-1.2307135722049793,1
0.07169756367164508,0.02185114125098081,0.046774352461312944,0.520263610321082,-13.764821976229342,-2.0303152421447366,-1.1969371809157858,1
0.0872543183379015,0.017039943382499763,0.05214713086020063,0.5125088940140854,-13.486863962238118,-2.454268037635224,-1.2533315176182405,1
0.08162461169748156,0.017208764702204563,0.04941668819984306,0.5137806892479589,-13.38551945203426,-2.540716222588302,-1.1523863741781069,1
0.08089704475451606,0.019210668267065023,0.05005385651079054,0.514318011908585,-13.351694243356633,-2.5775039165170925,-1.1825648283098578,1
0.07164737585910305,0.017607592890405584,0.04462748437475432,0.5175732171240864,-13.738145978177783,-2.5382971296834196,-1.1326593803674203,1
0.057593932352003725,0.01583969988279374,0.03671681611739873,0.5352005201842851,-13.52996825769685,-2.3840400341159,-1.102684022824248,1
0.06542043607555667,0.01758078109111433,0.0415006085833355,0.5291890005791691,-13.160665557557053,-2.3806744911200486,-1.129637261554212,1
0.0518897830583147,0.01564340620301913,0.03376659463066692,0.5319996785590073,-13.331787931172869,-2.3426169076737344,-1.113543549784776,1
0.05238289485023434,0.01277527282604,0.03257908383813717,0.5275072195361362,-13.103598283613252,-2.3194240652909692,-1.148836145931735,1
0.05019347103738181,0.014449797570951653,0.03232163430416673,0.5198606048773424,-13.507867136335534,-2.401966880229202,-1.0383933599016588,1
0.06011982855211638,0.01477076690195883,0.037445297727037606,0.5245712833288743,-12.822105716070809,-2.293964291169052,-1.1399945581689837,1
0.04001146886751771,0.01506824587483087,0.02753985737117429,0.5194106157250085,-13.214015590932433,-2.199205750881541,-1.162059131648593,1
0.053582763965496584,0.01699172673745425,0.03528724535147541,0.5122865282638087,-12.995366973251208,-2.4792618821241756,-1.1418230646385947,1
0.05867954933036662,0.027392689198589622,0.04303611926447812,0.5316765324105254,-13.29707096929937,-2.3580393464476788,-1.1251212658160592,1
0.05675326229462099,0.02575298996006608,0.04125312612734354,0.533484961746728,-13.448716952256888,-2.3825154913940993,-1.1095645909604717,1
0.07851127113405262,0.03227837035852841,0.05539482074629051,0.5202693580279565,-13.364504239832002,-2.5971589407737787,-1.0287971945793235,1
0.10440989934800181,0.04366284126676262,0.07403637030738222,0.5209307355756486,-13.197054634998068,-2.7321826083267693,-0.9766303380744725,1
0.13187527004010927,0.08678814327838233,0.1093317066592458,0.5204802699564874,-13.444446733520238,-2.611342360388782,-1.1527720519131543,1
0.1413730307546171,0.10206024257257443,0.12171663666359576,0.524744787661407,-13.767812267603802,-2.5407618406037793,-1.0658499314300673,1
0.13697116233159234,0.12017282581337896,0.12857199407248565,0.5140248950602976,-14.44284751317764,-2.445333447374528,-1.0810987486069927,1
0.14928884649115107,0.1397322452310773,0.14451054586111417,0.5209843722147447,-14.118814602457832,-2.4815132572240315,-1.104702162029957,1
0.14826187733529966,0.1425842393181564,0.14542305832672803,0.510870995503745,-13.51191218145496,-2.7412351183022388,-1.2063620983112078,1
0.15679833585906827,0.18726641306103872,0.17203237446005348,0.5147591850654877,-14.143486006574392,-2.552941681058862,-1.1927377034873528,1
0.18925458859975106,0.18663503966052924,0.18794481413014014,0.5211249813655154,-13.393360311744289,-2.9841675744586773,-0.8884309338453775,1
0.20337872296104664,0.19200168787326483,0.19769020541715573,0.5292803286724865,-13.098124527331436,-3.2719734452698463,-0.8857436148478227,1
0.208236950158876,0.19347882932521424,0.2008578897420451,0.5332965333914126,-13.286226401809245,-3.3429038536458875,-0.8407073289369168,1
0.2083570217210904,0.19941510829447606,0.20388606500778322,0.528878841546784,-12.72847797649024,-3.455245601880673,-0.8781795915272101,1
0.21341436854421686,0.20585801926060737,0.20963619390241212,0.5329389805853577,-12.845356705932375,-3.4279004015099748,-0.8253065500682943,1
0.22183092201234733,0.21428599406169158,0.21805845803701945,0.5320486065830312,-12.214780151751569,-3.4437759619460637,-0.8903059891738804,1
0.23163280160194918,0.22700115961185385,0.22931698060690153,0.5286307056252404,-11.50953194746694,-3.6700555282604395,-0.9453750455660084,1
0.2552859187822643,0.24041680730789283,0.24785136304507857,0.5292736084653782,-11.217216496731709,-3.808232042283497,-0.8757718138241376,1
0.2541564539797225,0.24217923830652616,0.24816784614312432,0.5266670783811083,-11.166989625399367,-3.7111466251953003,-0.9337254157670397,1
0.257971520190524,0.24392051331307094,0.25094601675179745,0.528151292633508,-11.216293191548914,-3.796971685764826,-0.9778285532210598,1
0.25734349109204485,0.24722030154760055,0.2522818963198227,0.5225983079417283,-10.453695626009164,-3.7296840231546406,-1.0723732969585758,1
0.25560945810780034,0.2440345152416036,0.24982198667470196,0.5258549963435009,-10.32791518838306,-3.773361049236608,-1.0666362644059761,1
0.26458348702391005,0.24851175104083056,0.25654761903237033,0.5330887419482222,-10.454317076004315,-3.607184264175319,-0.9961648711634096,1
0.2678478565631177,0.25780187014330136,0.26282486335320954,0.5199983267622545,-10.241540161524085,-3.4739116540440738,-1.118244583099613,1
0.26953873041998994,0.26453830366395426,0.2670385170419721,0.5305730630295107,-10.258838315311152,-3.4209399109054193,-1.087701772784922,1
0.27133906192152724,0.26635857864550444,0.26884882028351587,0.5424910625453059,-10.218010578006101,-3.3438296858190184,-1.1214900845616695,1
0.2689554007256149,0.2582980390811634,0.26362671990338915,0.5269706376588058,-10.180289295500131,-3.3202492089554485,-1.1682279243298692,1
0.2771117687561283,0.2587977639709893,0.2679547663635588,0.5357733850592535,-10.151469227274788,-3.178945254753969,-1.2267856346215316,1
0.2872265027506837,0.26629463388417973,0.2767605683174317,0.5415950951040371,-9.659704301736383,-3.162181672868427,-1.3213017047815443,1
0.2951916989884659,0.2683506028479852,0.2817711509182256,0.5467671851346255,-9.140514675234755,-3.0067038166018967,-1.3887027192518782,1
0.29658468989027253,0.2704279793702609,0.28350633463026675,0.5437314622672569,-8.847918574279248,-3.0399191564029966,-1.4440536286654058,1
0.2990126756779856,0.2690144325663312,0.2840135541221584,0.5282956607121188,-8.659815984714413,-3.000861892445434,-1.392946941232771,1
0.3025588018096028,0.2700731081943274,0.2863159550019651,0.5258824478346023,-8.420050452013726,-3.129249254485635,-1.399615825604721,1
0.2986570571544263,0.27103271879914903,0.28484488797678764,0.526735453077841,-8.950503456134328,-3.077895887023694,-1.4212707540544665,1
0.30455602798956033,0.27462083397512826,0.2895884309823443,0.5332447034480035,-8.871342239285184,-3.066942467515899,-1.4718018388313505,1
0.30852297116128685,0.27622808829253515,0.292375529726911,0.5385280541105685,-8.338179830282513,-3.092225068074389,-1.5258554048745465,1
0.31159810593173726,0.27493974300921503,0.29326892447047614,0.5395969743090677,-8.64312323205246,-3.0793934693877,-1.629448667501943,1
0.313823778953412,0.27309875048879667,0.29346126472110434,0.5315226514265452,-8.292530047497877,-3.2605755487781645,-1.566878414595328,1
0.3127448274579872,0.27206450128667536,0.29240466437233126,0.528360957678886,-8.25674559717956,-3.314185056294166,-1.5383335446505466,1
0.3077825719714826,0.2677441875050824,0.2877633797382825,0.5357099645968395,-8.359774577084778,-3.558922732436775,-1.526791031168661,1
0.2924103882313915,0.2587418119629752,0.27557610009718336,0.5359957515844407,-8.502213699457855,-3.257441646017694,-1.3284582882829366,1
0.29632769384151086,0.2579340635439388,0.2771308786927248,0.5453281665521813,-8.3183103436414,-3.165963708105523,-1.2187285341366205,1
0.29548722243332914,0.263157345121068,0.2793222837771986,0.5339273586558009,-8.71476488926794,-3.137187386884202,-1.2632022506260878,1
0.29905747865515403,0.2607096806933137,0.27988357967423383,0.5383128594329876,-8.330635091080637,-3.1425257167301734,-1.1756034910621107,1
0.2972032757023082,0.26123504406318854,0.27921915988274837,0.5396305822490786,-8.712624637653676,-3.216682162035079,-1.28170425454507,1
0.29435781031298763,0.2570495565190971,0.27570368341604234,0.5455750245075393,-8.410526201381174,-3.0622450804050594,-1.2188421742487057,1
0.2925650975755204,0.2563698264004329,0.27446746198797667,0.5442949826541263,-8.647113226755266,-3.172928343242757,-1.2510749926288984,1
0.2858987085203786,0.2519484861237593,0.26892359732206894,0.5371639716511766,-8.57278921687626,-3.2738969063378676,-1.250522247335615,1
0.2801879611478362,0.225911135165869,0.2530495481568526,0.536026227463977,-8.532890522900146,-3.028640870420385,-1.3062441870257846,1
0.2551211132003972,0.1918923819808424,0.2235067475906198,0.5353748378928774,-10.720454871783005,-2.95321623961099,-1.300658175070342,1
0.21171386738399978,0.174156532415196,0.1929351998995979,0.5221158716672311,-10.957742292992947,-2.882874589897541,-1.400085316232688,1
0.2016523994173523,0.1532328661249695,0.1774426327711609,0.5168921724115542,-12.070431995652825,-2.9214154571760935,-1.4178086350930061,1
0.13888368504657123,0.08707553318660706,0.11297960911658914,0.5203292757403944,-13.91602161199583,-2.717281793096262,-1.2635576949153466,1
0.09460826939694562,0.0709028508441298,0.08275556012053771,0.5156537862758672,-14.072296738337656,-2.6005403895399657,-1.2929926184338723,1
0.09349815796794543,0.07583434835208688,0.08466625316001616,0.5096113332973414,-14.79188650558956,-2.4965037630036444,-1.2711616006906141,1
0.07771517287467103,0.07239395246177684,0.07505456266822394,0.5074753746930585,-14.811995409747254,-2.2174619697707025,-1.2551919156767566,1
0.08144689425631521,0.06144714556698678,0.07144701991165099,0.5114572806514976,-13.987157667822743,-2.2237861004195674,-1.3194565522155814,1
0.07988452799849852,0.05893442122424933,0.06940947461137392,0.5058753567326252,-13.913729995443333,-2.262175366927911,-1.3209246165397046,1
0.08199607065005168,0.051374613397459745,0.06668534202375571,0.502428772533534,-13.532039009449477,-2.6370308223443435,-1.3632312901248411,1
0.08015016100123883,0.05196846581607763,0.06605931340865823,0.5016335006023033,-14.4977995260883,-2.2480205574691285,-1.345683946074726,1
0.08755679941118127,0.038608620470545384,0.06308270994086333,0.5129675784740493,-14.747107437981043,-2.331627453144795,-1.1816839404576516,1
0.06257665073471984,0.0292177726336353,0.04589721168417757,0.504389061291536,-14.54299472388638,-2.3019758724670267,-1.2931479992894075,1
0.06100423064428684,0.026755190682253842,0.043879710663270344,0.5130153529451251,-14.37302803246493,-2.2094588363938508,-1.1647863721791125,1
0.06260911708479115,0.02627212689163044,0.0444406219882108,0.513139578686004,-14.076877443639887,-2.2756871364491205,-1.2518974777812457,1
0.045961350524213254,0.017326484284203515,0.03164391740420838,0.5278622901437175,-14.878486316206079,-2.2163732952195954,-1.2285257719756706,1
0.052372925003144645,0.012131399964589253,0.03225216248386695,0.5195384009972377,-14.699199197114638,-2.26766944268713,-1.181338212478109,1
0.04527099018097419,0.013825656274078205,0.029548323227526197,0.5196147564841401,-13.8799765391052,-2.472806998132463,-1.1608345257342907,1
0.04339823615318171,0.01597743052039668,0.029687833336789198,0.5218844109098281,-13.855926388767813,-2.385190704281273,-1.1776040758876287,1
0.05633351845684427,0.016309871204282296,0.036321694830563286,0.5185551128493389,-13.927853116961387,-2.4187409283487487,-1.1573046274968068,1
0.04140854588157417,0.011776762094626227,0.0265926539881002,0.5228964836036991,-14.284626356863214,-2.3722516194279932,-1.1775041242997821,1
0.03641774567780469,0.012350957541580476,0.024384351609692583,0.521323566697027,-14.353731488680921,-2.3454682987760607,-1.1716974306397894,1
0.05454590836616408,0.01546489702088196,0.03500540269352302,0.5159272441137164,-14.429361888828794,-2.3132178266569343,-1.0201254082984696,1
0.04005093653113289,0.016196428031116324,0.028123682281124607,0.5211756480183967,-14.628678779927327,-2.097717565333551,-1.00682443585033,1
0.05146536514484925,0.013489529927751653,0.032477447536300455,0.5106126644114113,-14.466484500504492,-2.4244011929384266,-0.9716432280348835,1
0.05309783707459697,0.013044208729813598,0.03307102290220528,0.5088014465252034,-14.41812286619026,-2.2741782561406403,-0.961260645044859,1
0.07079394656637113,0.016281326673682667,0.043537636620026895,0.512171559782873,-13.988657685393349,-2.6535402893020317,-1.002676653682108,1
0.05580566629898968,0.01603680633962279,0.03592123631930623,0.5127543491712379,-13.952173823671558,-2.481271200004251,-1.0300481404950936,1
0.06711445552999186,0.01976994979736236,0.04344220266367711,0.5160566362818352,-14.153842926585071,-2.471769139603511,-0.9968205791767318,1
0.08289602637941167,0.03836170393667536,0.06062886515804351,0.5073933838374591,-14.34016672193519,-2.756487895763008,-0.9322460803863124,1
0.09646047329594373,0.037529275818898714,0.06699487455742123,0.5072947669395388,-14.467548142642869,-2.7889453190558093,-0.8910909875811899,1
0.09824088824000668,0.04583169146503875,0.07203628985252272,0.511879845417624,-14.246063352227651,-2.5456412574103675,-0.9739475822327643,1
0.11171012446590199,0.06733569268551959,0.0895229085757108,0.521584048650713,-14.580849105576391,-2.6077615379854366,-1.0999801351337386,1
0.08396732951777094,0.07585103185301828,0.07990918068539461,0.5198334880297331,-15.167376401524791,-2.6986092505518284,-1.140503961808465,1
0.09598274719019223,0.1048744653527541,0.10042860627147317,0.5152808765312641,-15.289414313119835,-2.4778597385814027,-1.2171964801646058,1
0.11404219166196,0.11980593256379998,0.11692406211287999,0.5064458175870518,-15.006174701387579,-2.6284232680195947,-1.3219759585618278,1
0.1034237449094887,0.1675121317300805,0.1354679383197846,0.5032634138634307,-14.663885747824736,-2.599742234927847,-1.3526908621766813,1
0.18200037801526237,0.17977359356933817,0.18088698579230028,0.503307117661408,-15.752020953509543,-2.7195180570843642,-1.2094220566226004,1
0.19097917288127997,0.17829160169589814,0.18463538728858905,0.5098531933008854,-14.86437824039055,-2.735796686035241,-1.185054798106581,1
0.20307257338104437,0.17890425545109656,0.19098841441607045,0.5103900877878903,-14.806012286783755,-2.9101211653861734,-1.232268170046908,1
0.19914360747661722,0.18495166560260493,0.19204763653961107,0.5225687136564392,-14.014428869068468,-3.0588507352645697,-1.3617023001196067,1
0.20774433708318452,0.18679027068564308,0.1972673038844138,0.49512897545392626,-13.854523472992497,-3.2177818770742297,-1.2958580564047832,1
0.20722966356827238,0.18759394608497865,0.19741180482662551,0.5018353894421549,-14.05901542940046,-3.2954961161581036,-1.2837374686480871,1
0.1996228035728464,0.1900988961608635,0.19486084986685495,0.5086618426770799,-14.062879700702979,-3.0698845980365617,-1.1617303193205608,1
0.1974537860897256,0.19725801701839996,0.1973559015540628,0.5070070503855497,-13.85537713481321,-3.2944069720036993,-1.2190098732270997,1
0.1974495478212683,0.20273220073521667,0.2000908742782425,0.5100493503943492,-13.911161253985483,-3.385850978923818,-1.2851694463323937,1
0.1987487369917484,0.2087686316744404,0.2037586843330944,0.5146408458193052,-13.863250378438181,-3.4551836248867414,-1.3441380127091553,1
0.20771354375157763,0.2108032847122338,0.20925841423190572,0.5151824634163866,-13.73980323264982,-3.2292533236152163,-1.2999722332230543,1
0.20625274794649084,0.206271009631734,0.20626187878911242,0.5101105040079766,-13.707611348367038,-3.3115361507015644,-1.33539781968816,1
0.2074874571486277,0.2094637158279188,0.20847558648827325,0.5125920077349875,-13.642269176734317,-3.380867087944849,-1.3038982864997308,1
0.20575756683801075,0.2131561621311927,0.2094568644846017,0.5029970368085392,-13.41621860089893,-3.193371407524742,-1.236843466308411,1
0.21184271563067808,0.21447706637939823,0.21315989100503815,0.5039077879797172,-13.542423643284025,-3.4682468013529575,-1.2886111291738138,1
0.2270125159913942,0.21621795994809584,0.22161523796974503,0.5083251394396425,-13.222592165977403,-3.662996114990502,-1.2855664081393483,1
0.22609413124355415,0.21679380347824728,0.22144396736090072,0.504228050108093,-13.252282759729951,-3.652833765825886,-1.262180328986756,1
0.2254764929150059,0.21761229607523105,0.22154439449511848,0.5050081156573117,-12.577914222426074,-3.778069126873261,-1.2230271024582018,1
0.23161367161155982,0.2177573050359052,0.22468548832373253,0.5065000310162121,-12.754075801295187,-3.8976141842950702,-1.1793698600455689,1
0.23038528371933154,0.21755262850476728,0.22396895611204942,0.5057846571742338,-12.860102169714764,-3.4455899414099833,-1.2026786040519002,1
0.22847434395197913,0.21987585394151354,0.22417509894674634,0.5087818764741407,-12.6680303376354,-3.6336485061131794,-1.2794297493871072,1
0.23111539806490583,0.22149819477684093,0.22630679642087337,0.5129229259911396,-12.725094309177052,-3.4330585793808486,-1.2107719698770825,1
0.23180273972210347,0.22098697766172345,0.22639485869191345,0.511439430465236,-12.686911624026578,-3.5578463965376814,-1.2436370162941244,1
0.23580581888252142,0.2224937767718918,0.22914979782720662,0.5259049061126957,-12.78691734783618,-3.7461274122221773,-1.2724338795944055,1
0.23561312260261377,0.21947916308802556,0.22754614284531965,0.5384603648353155,-12.845693561761863,-3.6293629681053963,-1.1152010672827566,1
0.2286196472352016,0.21452187305033843,0.22157076014277,0.5638090079779845,-12.9053120058949,-3.4681610401937824,-0.9987374258212272,1
0.2220302126386953,0.20363741709968675,0.212833814869191,0.7034622518047594,-12.054132461152733,-3.774744054587581,-1.0312691873065754,1
0.22047593609924387,0.18185496804258164,0.20116545207091274,0.765906870023927,-10.954263912231141,-3.6431757035377457,-1.235649776128369,1
0.22198939041800655,0.1724258543309449,0.19720762237447573,0.8483194636088617,-10.85805674607704,-3.736686884111122,-1.1155692536290402,1
0.21854059641980692,0.17221872024190235,0.19537965833085463,0.9102437209601641,-10.659225993700517,-3.9928294867153578,-1.1020569961789102,1
0.21215309059657902,0.16701647151221147,0.18958478105439525,0.9408091430764741,-10.266797200342552,-4.243491873755448,-1.2406556477056432,1
0.1877402074056496,0.14405650572352163,0.16589835656458563,1.0275432801023425,-11.465387885646265,-4.155461116734291,-1.0512618073841138,1
0.1958741676714349,0.14821073584152542,0.17204245175648014,1.1171278676862884,-12.484772771405488,-4.602346266738138,-0.7360744527456657,1
0.17277399941709792,0.1633976228301969,0.1680858111236474,1.2023717223372619,-14.61416618843657,-4.160964240154012,-0.5123285790777462,1
0.13438458093396946,0.11983817946412484,0.12711138019904716,1.3047529677411585,-13.839984137683672,-5.134198950143724,-0.4740631244542542,1
0.1256793136804009,0.12369423034770685,0.12468677201405387,1.401565134512096,-15.489063651802098,-4.063779935521467,-0.464878188230604,1
0.0828472483798479,0.09245996944431953,0.08765360891208371,1.448253520715143,-15.591895331418755,-4.052563407229683,-0.3798231743253915,1
0.09918370625895374,0.12201323148778684,0.1105984688733703,1.5108348893368584,-16.534876088761763,-3.955734728191265,-0.20992310192647035,1
0.09750836638668617,0.07484347181951947,0.08617591910310282,1.5303982123001327,-16.35396708553293,-3.9583893874606697,-0.21968741544965628,1
0.0691037812499906,0.08833337817762688,0.07871857971380875,1.5968704614667297,-15.91246545088984,-3.727374242407508,-0.3276291101426417,1
0.07007615673277355,0.09448442047984577,0.08228028860630966,1.5760946677684387,-16.211977148519964,-3.632909830381055,-0.13260602818181816,1
0.08726045345066305,0.07930349525064213,0.0832819743506526,1.6101836504012692,-16.525171768603627,-3.1451423377022008,-0.535197274876627,1
0.06531715779973668,0.07137020361642157,0.06834368070807913,1.6602978538944935,-17.433492583867377,-3.342314526403236,-0.29270378870493396,1
0.07987618109746125,0.05782234059958549,0.06884926084852337,1.6701275338070924,-17.218405132787126,-2.781333542142768,-0.5950724436368506,1
0.09666254123521091,0.07114909094114939,0.08390581608818015,1.719310070750218,-17.8642286011401,-2.455777069294712,-0.7859125433133456,1
0.09220336553809358,0.06872432052373292,0.08046384303091325,1.7664399099805697,-17.755124636342686,-2.3088276366487848,-0.9605873658842985,1
0.07516671563390152,0.057119607512375443,0.06614316157313849,1.7573021077972526,-17.763285343151466,-2.3404421717423847,-1.1678664105056717,1
0.10409254421936896,0.07002269989095027,0.08705762205515961,1.7515630339909893,-17.693267120729274,-2.9504161569761425,-1.314067297871419,1
0.10859992583440244,0.05882440526688167,0.08371216555064205,1.801667321542761,-17.897777825576867,-3.0642431818032296,-1.3566631160958396,1
0.1073709804162389,0.0766055447071676,0.09198826256170325,1.8178320547090392,-17.60852630905643,-3.1128992976432475,-1.679687165844239,1
0.09071130520065371,0.07224679366361562,0.08147904943213466,1.9094948759071317,-17.788845827495408,-2.567578534369032,-1.672229885910013,1
0.10114423746684578,0.07435202813879359,0.08774813280281968,1.9158468468544532,-18.387613707789825,-2.318004204939121,-1.8568965754598392,1
0.09230262340975538,0.06893888847612256,0.08062075594293897,1.96960823385867,-18.515090302191226,-2.069087962698729,-1.9002502924888445,1
0.07981873599751022,0.06723022372251894,0.07352447986001458,1.9307517769346234,-18.184022513533165,-1.652223535858121,-2.0137155637962536,1
0.09516088665932743,0.06562378161077803,0.08039233413505273,1.9366417916335172,-18.628376102209785,-1.8173811052398405,-2.0359278235993474,1
0.10745705036094871,0.0571547110449869,0.0823058807029678,1.9388595041359753,-18.303073065964753,-2.061313420221726,-2.1369118199263277,1
0.08881584862960658,0.06987142904747962,0.07934363883854309,2.005519502417154,-18.47125420491591,-1.4910614722017095,-2.348110508142165,1
0.12295914023099588,0.062128448574776694,0.09254379440288629,2.0561761670062415,-18.70949884815505,-1.502319946694068,-2.3335284412656376,1
0.10681090312180766,0.07061358743238827,0.08871224527709796,1.9368169295521678,-18.457141807913956,-1.4278638553053908,-2.025824193107268,1
0.09851668534852549,0.07222230741221691,0.0853694963803712,2.057411667044122,-18.41997088078105,-1.4620264863950507,-2.200864933395927,1
0.08396378439414935,0.07351661929460092,0.07874020184437514,2.039754375371236,-18.662272231447247,-1.2379595820653087,-2.077001080856845,1
0.08109947516470872,0.08681725448491487,0.0839583648248118,1.9419172454171192,-18.578320748484657,-0.8327526148288916,-2.0420494081466676,1
0.0878466801307344,0.06796788801555327,0.07790728407314385,1.9943611031913477,-18.84498734291455,-1.5165518371135054,-1.9239909987342199,1
0.08467251730505664,0.04251672079562925,0.06359461905034294,2.073678567900313,-18.70714697480554,-1.2367256498164827,-1.7867788044305528,1
0.09419588646826346,0.04863916435734847,0.07141752541280597,2.017811840793433,-19.04404768220016,-1.4216711147855503,-1.8817904430089154,1
0.09472932648035316,0.046482718532266765,0.07060602250630996,1.9766383495822655,-19.029753981081285,-1.7202535970528765,-1.8648041930519483,1
0.0714913020523398,0.05067313291432233,0.061082217483331064,1.8687056018655732,-19.234124107928437,-0.9696642955484793,-1.9506047240130082,1
0.07687520630858054,0.05445107780799874,0.06566314205828963,1.8451259399268307,-18.832948909387454,-0.98523616425244,-1.9882305610037418,1
0.10005681610940964,0.0503677975339325,0.07521230682167107,1.8497125168684485,-18.801596759274275,-1.0828111176869257,-1.9783953890040686,1
0.08840328415727244,0.05304213258068216,0.0707227083689773,1.8476878236536198,-18.20670827571368,-1.7329818909342007,-2.1141579834614057,1
0.08765911473251758,0.06435636931243692,0.07600774202247726,1.8062067676367144,-17.978113628841896,-1.3559167627494928,-2.2384724520183137,1
0.08980856147255033,0.08367050561965751,0.08673953354610392,1.779659407993849,-17.403270551789348,-2.1863965362773947,-2.408294819912224,1
0.07163289395156129,0.05323360408722628,0.06243324901939379,1.7504937332070138,-17.22832976408114,-2.6754602177357523,-2.3060544686026776,1
0.07296958547305829,0.05254529435613901,0.06275743991459865,1.7448182471486229,-16.979279908792904,-2.6442455599383488,-2.4655108987103582,1
0.08115922018001664,0.04891298215442755,0.0650361011672221,1.738884581668369,-16.76613161805281,-3.3749898937274283,-2.580464152293491,1
0.07925923020436287,0.03644626633641084,0.05785274827038686,1.702483758328923,-16.866891950159413,-3.789967229806512,-2.581856800847166,1
0.10231028863564909,0.03306497035413306,0.06768762949489107,1.7336262095843535,-17.083628903235535,-4.269442606361189,-2.6434470626253788,1
0.10197866508650527,0.04286149897437556,0.07242008203044041,1.762321407430403,-17.49725084874845,-3.822843629347996,-2.762035954729414,1
0.10760760647907557,0.03577503715694945,0.07169132181801251,1.742690935347983,-17.723774138754806,-3.48310239079996,-2.582456847975522,1
0.09969955807813831,0.04101444378935099,0.07035700093374465,1.7397176339047902,-17.358434870235357,-4.0282491988358355,-2.530263400696389,1
0.11571933399116445,0.04078507803767114,0.07825220601441779,1.7196994379371922,-17.51156344429154,-4.048353776588991,-2.606288775033916,1
0.09289276292129672,0.052271857128287365,0.07258231002479204,1.733789838805905,-17.691756727687846,-3.561191636081354,-2.6497580172220023,1
0.12127436898293005,0.05573976071984204,0.08850706485138604,1.7418659124917126,-17.72980747976419,-3.832839329377629,-2.4188971022880987,1
0.11651669052129002,0.047533008852530846,0.08202484968691043,1.7645616987522972,-17.589220272771115,-3.464020609017022,-2.457060403436231,1
0.09321574559684198,0.054411443977292764,0.07381359478706737,1.7363786222862614,-17.581993405778377,-2.689772718076796,-2.342357259783144,1
0.11812119179928411,0.05042099183989315,0.08427109181958864,1.7443403514845868,-17.484003861590736,-3.3140916986315845,-2.0018921935125222,1
0.10982212242479247,0.062210869138504384,0.08601649578164842,1.7465122896417653,-17.845729179717665,-3.082509940376002,-1.9146672856937328,1
0.13797084865564244,0.07731787664816309,0.10764436265190276,1.781990616130613,-17.792571010934324,-2.5355472957285077,-1.7759191978323634,1
0.1331881110246505,0.07915366694475931,0.1061708889847049,1.7309686297931204,-17.625472936723042,-2.456443553385007,-1.7460398564056268,1
0.12225693870326568,0.07192455160026047,0.09709074515176308,1.7348153244027669,-17.583207627253984,-2.141704798814141,-1.513009650462394,1
0.13086654155510818,0.09266597131407568,0.11176625643459193,1.775237207376296,-17.89802705414408,-1.9153293433703054,-1.4967108971478753,1
0.12509995016069786,0.08249240475818212,0.10379617745943999,1.7271295077639484,-17.777297057148928,-2.586364682874201,-1.4420193596362862,1
0.1019339481317475,0.057495617479893124,0.07971478280582031,1.7846000795410262,-17.90219491848552,-3.152867203147373,-1.6019474462016767,1
0.09268287527229553,0.040787846379765805,0.06673536082603067,1.670087001158094,-17.44077676759548,-3.153461814310823,-1.6584154424049558,1
0.08352085701020588,0.05984885026502423,0.07168485363761505,1.672387138923357,-17.396878345869624,-2.922131119098931,-1.8713032134394496,1
0.11295500211087127,0.08113562417567596,0.09704531314327361,1.6431899881186653,-16.72728290020774,-2.346746842157978,-1.958232876451248,1
0.11305852458622452,0.09614335005527559,0.10460093732075006,1.6001985485595036,-16.494213457651114,-2.358842036032546,-2.1712377670731433,1
0.11537296371121954,0.1064110935426878,0.11089202862695366,1.5397886312829796,-16.15061507548984,-2.8167995206280203,-2.412842418164121,1
0.13956068414098494,0.08936238024703555,0.11446153219401024,1.5254839488762997,-16.52650352649053,-2.8271146903129094,-2.4141703789812214,1
0.13066997296204716,0.08879286409639077,0.10973141852921897,1.4898205729833294,-15.692338919965607,-2.552730748747923,-2.8428059343285077,1
0.12665808561490646,0.08964301563184729,0.10815055062337688,1.4442264660897919,-16.207223202187834,-2.1603142993847317,-3.036059490000785,1
0.11020671596241444,0.08805372750885755,0.09913022173563599,1.3960114834876909,-15.208150285371289,-1.9626196827902593,-3.425471562305718,1
0.09694308583425222,0.08255050761505563,0.08974679672465392,1.386746781850062,-15.034480912491205,-2.4032879766518187,-3.6765539889445376,1
0.140574936457059,0.07020667189785308,0.10539080417745605,1.3716563925041392,-14.947580376450759,-2.3853756242270294,-3.7507453222241294,1
0.11493603441218245,0.08147728714752106,0.09820666077985175,1.3143792413575681,-15.428080115406345,-1.7022166065425648,-3.693160340710555,1
0.10368007130583937,0.06731483346575501,0.08549745238579719,1.3321817569562746,-14.604734548145075,-2.2811572966051648,-3.9771225573315103,1
0.10012700451919711,0.06222457393554253,0.08117578922736982,1.3522657625393861,-13.275597418140563,-2.509062755859897,-3.996338431264116,1
0.09686626901929907,0.08521315500712205,0.09103971201321057,1.3195113738765156,-14.123044097780706,-1.6043178862569496,-3.9837428237814105,1
0.1056659862861095,0.08147342564389788,0.09356970596500369,1.3427988417432517,-14.19337661704256,-2.139700078151288,-3.944670156793424,1
0.1145096997812579,0.08445347109452615,0.09948158543789203,1.3357235222241637,-14.20267277480366,-2.228920509488684,-3.942255205577023,1
0.10426729630262012,0.07576430721247181,0.09001580175754596,1.3186156121613264,-13.726639100067814,-2.3422878751346636,-3.892598172996633,1
0.101633029164581,0.08202698041207782,0.09183000478832941,1.3297388521972928,-13.94820294582135,-2.606877859155309,-3.6107141849160294,1
0.14155218659428556,0.07409049689627269,0.10782134174527913,1.262186502165932,-14.709676583081375,-3.9241260980088146,-2.9352355731439768,1
0.1157410389655875,0.07554830186409359,0.09564467041484054,1.2369419110557833,-14.639460375673451,-3.969296747975936,-2.7729036772388476,1
0.08269431813317107,0.06427860706137871,0.0734864625972749,1.185632936667096,-15.002953941208858,-4.054522199147549,-2.433071073118084,1
0.12721290654629505,0.07280940794236625,0.10001115724433066,1.1401190134964776,-16.54699512369217,-3.7934826816258367,-2.283570698695484,1
0.08629219945975841,0.06092809236175084,0.07361014591075463,1.1687623831679326,-17.0988961586348,-3.093191081324996,-2.183249034166808,1
0.06984265910666054,0.09528065561478892,0.08256165736072474,1.170689286492601,-17.253574251045933,-2.6426861401317683,-1.84421447220178,1
0.08869486832928303,0.06138644094677481,0.07504065463802892,1.0918127778662592,-17.54528142761731,-2.3761674437452287,-1.6409769122790274,1
0.08161822084243374,0.0969740045442456,0.08929611269333967,1.091177375090286,-17.70749641256117,-1.8902004562609116,-1.648182412579218,1
0.07928429323689785,0.08383048675267997,0.08155738999478891,1.0292562618101166,-18.221752722597614,-1.070294946947435,-1.672778022853059,1
0.08412408026798951,0.08306665222163073,0.08359536624481012,0.9843434797021171,-18.800618166996713,-0.6538938621031553,-1.6387651026353995,1
0.12018066318744874,0.07484964750636316,0.09751515534690595,0.9632728443468266,-18.911842998825534,-0.8089463546022769,-1.4256182987499901,1
0.11766407653692816,0.09170923385696805,0.10468665519694811,0.9311262135201025,-19.710817114217832,0.02810135262852324,-1.6210167273938638,1
0.0969217569195545,0.07463563575062174,0.08577869633508811,0.8802314654486476,-20.747094332259934,0.46696607511701516,-1.8601807800875398,1
0.10215096851612644,0.06792690598602937,0.0850389372510779,0.8112885613239597,-20.442393795093466,0.6225252652747414,-1.938162841910073,1
0.09671195095277359,0.06667491532484597,0.08169343313880978,0.7899542837896376,-19.922277990940245,0.5816035042981412,-2.006443844327654,1
0.10509144647817971,0.06798841521506663,0.08653993084662318,0.7787708173406924,-19.068894993668465,0.8391765159653131,-2.0382648067980544,1
0.09817718710928168,0.0749411340088134,0.08655916055904754,0.7353931805356586,-18.36999265936069,0.7491178309470373,-2.09143542431308,1
0.1037190381583648,0.07792765422365681,0.09082334619101082,0.7278334227132119,-18.01641056367305,1.0253742340728071,-2.4086796837050493,1
0.11845333951165918,0.10807844149248491,0.11326589050207204,0.7168141675123115,-16.890008330989218,1.11341308367775,-2.4756293831697915,1
0.103573527830699,0.11539279855477468,0.10948316319273683,0.6829127277016139,-16.76764058700266,1.4752653619360576,-2.769396970499184,1
0.11668873596284005,0.1303548055629443,0.12352177076289217,0.6847732187165454,-16.35549910447199,0.9035285816408306,-2.956536483029144,1
0.14818919427122607,0.10099225603810273,0.1245907251546644,0.6504014236335983,-16.126659152542572,0.4637974593184747,-3.107311416034741,1
0.13563141163669298,0.11733499870004042,0.1264832051683667,0.6418748536456981,-15.72641233709416,0.46538987357159084,-3.118121092136805,1
0.14321299532308374,0.13487910119213511,0.1390460482576094,0.6202246903996317,-14.967495687134345,0.12402335279765508,-3.108357685398311,1
0.14636677796636313,0.1548477913032852,0.15060728463482415,0.6003649595832524,-14.43081040728822,0.17749048585327865,-3.258887461494085,1
0.14470418234375437,0.15211184349247542,0.1484080129181149,0.5752945351352887,-13.661579433364153,-0.049413250403189994,-3.3178857164824427,1
0.15227543658781104,0.16126910475845826,0.15677227067313465,0.5674483949967122,-13.626265797251818,0.2184408170346671,-3.425229249117304,1
0.1630733572645256,0.15887406590837022,0.1609737115864479,0.556477152007315,-13.856846580341681,0.19974500587123495,-3.523247446443823,1
0.1781232327822965,0.17020175404521878,0.17416249341375764,0.5344502163047502,-14.456848699991497,0.14128065616560417,-3.5950285588677087,1
0.17870453060563846,0.18052065716218824,0.17961259388391335,0.5344908309765382,-13.6997469914227,-0.34257465777024604,-3.600299043648755,1
0.16743547663154107,0.1903148666741996,0.17887517165287034,0.53138127295427,-13.401133861055797,-0.12587170568530362,-3.55280384416668,1
0.17452125270151878,0.1900871890089007,0.18230422085520975,0.5206797115944782,-11.835387303967451,0.03653218601583984,-3.616212677020564,1
0.18397065966456264,0.19457915528362066,0.18927490747409165,0.5052144869804046,-12.328052976467887,-0.10750539629146619,-3.493253463113473,1
0.1719998261147168,0.18647422151931947,0.17923702381701812,0.4857151986302527,-11.299118766342275,-0.23156543745911873,-3.6292520999037037,1
0.17759071334502177,0.19777198887477512,0.18768135110989845,0.4585232410624675,-11.044471337451597,-0.4891181702821045,-3.7276661300547853,1
0.17078325686040194,0.1772200865741303,0.1740016717172661,0.4614969344126295,-11.097907555090785,-0.3809511206121985,-3.7079124600985423,1
0.16907422508799563,0.16342634747378076,0.1662502862808882,0.4811466320063246,-10.237595907177848,-0.5406631634378639,-3.557855667613741,1
0.17158616118110032,0.13428504579956638,0.15293560349033336,0.4913565322181714,-9.644278829337907,-0.8889406893549219,-3.571185956487588,1
0.16839142163500506,0.11584843059241338,0.14211992611370922,0.47819133542513453,-7.316034407329084,-1.200780162185714,-3.612752658191584,1
0.15078367331732467,0.12301394814109398,0.13689881072920934,0.48273677816480975,-4.8403897203155,-1.1320752634178166,-3.6938188572318555,1
0.13891018252093468,0.11772335975564319,0.12831677113828893,0.47263486931346926,-1.9546139836538714,-1.5586384891587721,-4.143389990294696,1
0.1466865301267865,0.07494443338457636,0.11081548175568143,0.49110804835125,0.30288734281421625,-2.2620484808143027,-4.555679128315664,1
0.1342746916707325,0.12668006875007967,0.13047738021040609,0.49938739119295605,1.0447579835097827,-2.4224334723232994,-4.706617158344984,1
0.14444995251712725,0.14207241698457584,0.14326118475085153,0.5068336618600144,2.989987418515227,-2.443862542488655,-4.663759172198843,1
0.1323518744247407,0.1273394872464492,0.12984568083559495,0.5101072477469873,5.071197430775754,-2.8493137836604987,-5.166204874914295,1
0.14393234454177245,0.12057586634583939,0.13225410544380592,0.4915499357778881,6.909604475106789,-3.0942322311429824,-5.3384191782213675,1
0.14646507870856018,0.13412635432196438,0.1402957165152623,0.4689990623944669,9.316629829743107,-3.0017085683364284,-5.30457322680112,1
0.12812781222846678,0.11435825149163732,0.12124303186005206,0.4736721347147864,11.969149557578959,-3.0287107764191408,-5.85513118492259,1
0.1413093420114625,0.14745771307552127,0.14438352754349187,0.42871460534853206,14.806676555802852,-1.9609233294695327,-5.647019539791172,1
0.15881622476100582,0.1183935866600199,0.13860490571051287,0.43416455450888053,16.978651147487767,-2.0162575526841926,-5.85454886279355,1
0.14918323843061732,0.13332255657322134,0.14125289750191933,0.4550564180576062,18.644246794458837,-2.1784053559814986,-6.125046893711974,1
0.15656450800171387,0.1334550233707428,0.14500976568622834,0.4459111328872031,18.693237160434563,-1.9830905017352394,-5.717167857315703,1
0.12368694453840884,0.13885550431970614,0.13127122442905748,0.4242836314507272,19.917028536690935,-1.683908493618412,-5.7142245955232545,1
0.1443277418686978,0.14837496380309778,0.14635135283589779,0.41853834970419046,19.98781174233949,-1.5950671943320927,-5.427902037930673,1
0.13458281147440426,0.13699011900147703,0.13578646523794063,0.42959918792686,20.200469583194348,-1.428788283921715,-5.3431872887661145,1
0.15069651373454587,0.1266230386767517,0.1386597762056488,0.4332573705468503,19.840397306339128,-1.7054407999612045,-5.3652526552607425,1
0.13887992153075768,0.1220304060219742,0.13045516377636593,0.43176201481599,20.52073832479749,-1.7976674603359406,-5.463757407118321,1
0.14630872222255734,0.13245100988627126,0.1393798660544143,0.4375878571650821,20.3341020788134,-1.898944861030869,-5.2984272051837555,1
0.12932575715741165,0.1405646457869952,0.13494520147220343,0.4384166626701727,20.35417276231189,-2.0976322690978746,-5.381069989875337,1
0.13446753131685307,0.13281637188994597,0.13364195160339953,0.42683356407420797,35.89762807943583,-4.792254103941267,174.05914497769226,1
0.15201302784647314,0.144170796262164,0.14809191205431857,0.43767307727337956,36.53946100617728,-4.701603479600149,173.85605389616862,1
0.15333333157580786,0.13892407735044396,0.14612870446312592,0.4221961437313523,36.755653595657435,-4.503351955196099,174.08770444624471,1
0.1891886914596397,0.16557869370255743,0.17738369258109857,0.4290505738446523,37.32639820761318,-4.529585993835968,173.8328027970584,1
0.19878783379916806,0.17380176177510182,0.18629479778713492,0.44976191107602426,36.583762228936706,-5.024989398100611,173.83466410432055,1
0.23041830351396736,0.1962370606418025,0.21332768207788494,0.44261442056060035,35.86520906780777,-5.0666495278980666,173.9691602686346,1
0.23275926033312438,0.19882175767334476,0.21579050900323457,0.44604111539054436,36.08119155165332,-5.0088574949164215,173.8932629832155,1
0.2458032250594277,0.2040376948695086,0.22492045996446813,0.44650827922375624,35.92102079786065,-5.119626849846733,173.9384711170034,1
0.2646260035492945,0.20862415038971785,0.2366250769695062,0.45010423262785243,35.85855638197637,-5.113494501500571,173.7872733672511,1
0.2752978215921774,0.1990198916834261,0.23715885663780176,0.46040026363488706,35.61430907584176,-5.260781843334763,173.70215129770813,1
0.2633186722341572,0.1999618263821468,0.23164024930815202,0.4713480737964265,36.013956624829774,-4.88573012822016,173.4512797210117,1
0.26767875103315225,0.2006726152320364,0.23417568313259432,0.4611551874590886,35.631459373330785,-4.866302884332389,173.38144130823116,1
0.26202295482429677,0.20064001411982682,0.2313314844720618,0.455887447951944,36.58448676512083,-4.819946575821003,173.25999612115766,1
0.27127526096361887,0.20395904105526033,0.2376171510094396,0.4489836148739772,36.77532991427151,-4.719681601591182,172.99600988443916,1
0.26262924099480356,0.2071129391263535,0.23487109006057855,0.4485837444697817,36.8803519403765,-5.0043611986109555,172.86849460550965,1
0.2642306840200467,0.2146675635972742,0.23944912380866046,0.4463646713638951,36.48595640037482,-4.675418809718713,172.7302903426412,1
0.25483612622538626,0.22013321397672161,0.23748467010105395,0.45422968795731616,35.785004098990925,-4.695483713030528,172.77860636426084,1
0.26348369822525497,0.21064668810941697,0.23706519316733599,0.4565934108372093,36.73087053716813,-4.886274461281749,172.67260503818412,1
0.26835230512326946,0.2137248309664441,0.2410385680448568,0.4490522194213766,36.94146917034291,-4.651801799195151,172.88535287623756,1
0.2628427266163044,0.2156480767316879,0.23924540167399616,0.4564248799970194,36.75234094224109,-4.613046831941162,172.9098609353964,1
0.2631498134152176,0.21524123182154753,0.23919552261838256,0.44998936470529777,36.483652306512084,-4.745067606194359,172.96389143055194,1
0.2673113979368656,0.2105234942832228,0.2389174461100442,0.44260330656267494,36.738515483440494,-4.601534059289179,173.03606871302136,1
0.2646610680311812,0.2141901536703328,0.23942561085075703,0.4529164030638119,36.31861502324301,-4.485414155967207,173.1105278805496,1
0.2704078301137534,0.21569051595229805,0.24304917303302573,0.4454993304548018,36.322324594049036,-4.5459229379383,173.15811034477971,1
0.27153094719754683,0.21516347343582634,0.2433472103166866,0.4505923805169173,36.54270927351067,-4.374625531653903,173.15735577465756,1
0.27535665530547443,0.21365165572720665,0.24450415551634053,0.4494087952936799,36.32692361705284,-4.337996699535676,173.2895066358752,1
0.26508291834993136,0.21484655930749827,0.23996473882871483,0.43417685127230493,36.049051620111044,-4.444826234248161,173.2863657559809,1
0.2693549974480115,0.20629397852824854,0.23782448798813002,0.44497421096057116,36.38298859181438,-4.593897905719533,173.33938861505197,1
0.26710220654751454,0.20049993959267257,0.23380107307009357,0.4349489213600577,36.41108332857934,-4.419487019284249,173.2792279511867,1
0.2644006219929006,0.19557180414065067,0.22998621306677564,0.44552246644005994,36.28440449186439,-4.457972163842833,173.22205873139498,1
0.24793097358154617,0.16207305436487182,0.205002013973209,0.44456886983411564,37.2197288051417,-4.2201946684116844,172.95944102898824,1
0.2085710759508917,0.13867070200745577,0.17362088897917372,0.4565016596211543,37.525910194548146,-3.9433627244813163,173.08367951415474,1
0.18643695314477754,0.12333848099375744,0.1548877170692675,0.44912804767296294,37.43967083886227,-4.300770193108081,172.6898406149286,1
0.17610881649403504,0.11870861081864885,0.14740871365634195,0.4391123513075705,39.57471467436869,-3.9431868034930195,172.82625558424343,1
0.17038136813439644,0.10745129694180233,0.13891633253809937,0.43382245975978706,39.358693806210084,-3.857864393248349,172.94180701685147,1
0.16061485837097136,0.1218546938453252,0.14123477610814827,0.4281932444069182,40.260506584626654,-3.810247283477548,173.13415628824293,1
0.14458365153779118,0.13045769166605567,0.13752067160192344,0.40720782682528944,40.838799773011516,-3.88350010017526,173.14436452750837,1
0.1257089178651448,0.10146834758041746,0.11358863272278114,0.423217027254343,40.92882824463612,-3.8952685581881474,173.01826835066225,1
0.12114157596823001,0.1154715088150612,0.1183065423916456,0.42714624596825973,41.56527077042679,-4.0010607723094544,172.7270457027891,1
0.11995379615998261,0.11985811227046655,0.11990595421522458,0.4175056180412185,41.999051228902005,-3.7727752706092743,172.555657677851,1
0.1310588757039142,0.12116091168691484,0.12610989369541453,0.42620936339880366,42.16091937840767,-3.6231941187255865,172.39624239037968,1
0.15242080654365953,0.14983101909587299,0.15112591281976626,0.4263216000125945,42.20992295015208,-2.883081947847395,172.55574056876128,1
0.14656368825506666,0.15682236300846025,0.15169302563176346,0.4303905406996151,43.12054680040214,-2.3133276892560732,172.14417461842245,1
0.1521018233249771,0.18334894779399993,0.16772538555948852,0.42566590113977165,43.884580813466556,-1.3004211484304309,171.5163020149447,1
0.13670329905225484,0.1637859724544602,0.1502446357533575,0.4331221200936505,44.2871605690286,-0.4130701066112813,171.12541457022292,1
0.10509084077660398,0.14029520266402218,0.12269302172031307,0.42540470524554996,45.795646433773896,0.4735649956892883,170.35083262763868,1
0.11410699590832057,0.14664918769980795,0.13037809180406426,0.4296352057134864,45.798493368743436,0.49338930639023737,170.13961459360817,1
0.08679374118591174,0.1045801173795415,0.09568692928272662,0.4397260332585871,47.322787141091084,2.7326697692880253,169.05631638217076,1
0.089814522469901,0.11098223627194848,0.10039837937092475,0.44704892828325227,47.67230388480721,4.107137944032722,168.0341238605892,1
0.0985526612455489,0.09638042655068196,0.09746654389811543,0.421811984587134,48.22884446314785,5.331694710452587,167.8416965283787,1
0.09659340832794473,0.11266117211321114,0.10462729022057793,0.40467250635468094,48.13704612935524,5.836850461901763,166.23134633479444,1
0.09161755099259959,0.12046564437299043,0.106041597682795,0.4368031414946099,47.31360874157451,7.104512246591855,165.38835579590528,1
0.0905906843051139,0.1244840130054723,0.1075373486552931,0.43625895332575465,46.10688254287811,8.243845585578901,164.8130702021169,1
0.08928045374279445,0.14340379488497226,0.11634212431388335,0.4308820013398641,46.53896930746674,8.990026240857416,163.64379317987706,1
0.0934867300178102,0.1399364476498264,0.1167115888338183,0.4139182356836058,45.661935540496074,9.835975206139182,162.98073040712012,1
0.08797502716101342,0.132771268921074,0.1103731480410437,0.42257782529348825,46.29444639545153,10.36479541004014,162.14290000475495,1
0.090642793785667,0.13845588262959133,0.11454933820762916,0.4170760055202231,46.31524502705619,11.004720380797501,161.7445394014443,1
0.08582204106956334,0.1365106083594563,0.11116632471450982,0.4305124413483107,45.070160192880365,11.42734690820561,161.39244061200404,1
0.08652610278507779,0.14719772215654867,0.11686191247081323,0.4357361047832867,44.76296193630782,11.467033105044328,161.47153868179043,1
0.08480785755475045,0.1398068871638554,0.11230737235930292,0.38199641487698305,44.74428319901526,12.425651545804898,160.70203545416592,1
0.09728580785434811,0.14536440152260685,0.12132510468847749,0.4203368997106469,44.00480415207133,12.216226096620867,160.29664740171162,1
0.0923998319284858,0.15530792772497332,0.12385387982672956,0.41204862042515755,43.29729992925141,12.284776012449031,160.46753195061,1
0.09036399389796788,0.1560241446212007,0.12319406925958429,0.43697649651482223,42.57596356225548,12.769150165874416,160.32374421292405,1
0.09150097030773824,0.1401977946040833,0.11584938245591077,0.40808455470586663,44.74872884315798,12.218130686385754,160.48498965851857,1
0.09537328496977326,0.14832548249799027,0.12184938373388177,0.39767853159991645,46.21560867993804,11.975918127236863,161.23711652592482,1
0.09262918007500368,0.17274911188071193,0.1326891459778578,0.37525445251163,47.52462986511168,11.758382975198787,161.6384071028248,1
0.09973558058419715,0.18774003976387724,0.1437378101740372,0.3656357986204645,49.66896333315506,10.971988259154134,162.34758889219603,1
0.10533162416259736,0.1812577397236133,0.14329468194310535,0.3701896408846868,50.227007062102786,10.280386559259291,162.65818644252542,1
0.09804376734994917,0.17091879758231515,0.13448128246613217,0.36159006718068265,53.19282560307025,8.892994031697839,163.563285547153,1
0.09959335434247234,0.17638811385402994,0.13799073409825113,0.3406806383682873,53.20955603399868,9.164902854010398,163.64535838293207,1
0.10668150926795027,0.17924278649492,0.14296214788143513,0.33936795517051027,54.40056352051188,7.7338477934649745,163.89015545168076,1
0.10782534814568963,0.17698107294948232,0.14240321054758598,0.3080058692619629,55.73851505409526,5.257168479058629,165.0012644500618,1
0.11531541375815907,0.17796523315336302,0.14664032345576106,0.32784302190637543,56.89425060451801,3.8146067196983275,165.7388526704187,1
0.11601048452538869,0.16584105337764385,0.14092576895151626,0.32559920180357427,57.35498661203988,2.6686947978507747,166.8470027119806,1
0.09809774627624324,0.1834343255580146,0.1407660359171289,0.3106029754748757,57.86525211100155,1.3030499990358066,168.00130570453217,1
0.12020834209187437,0.17464552998207764,0.147426936036976,0.25580921763156883,57.690089364786516,0.8188504611367001,169.07320120012182,1
0.13358481913540524,0.17444153691871694,0.1540131780270611,0.27333424945117185,58.350684625860055,-0.2974421884675958,169.90031925506753,1
0.12101272932927803,0.16789863011837597,0.144455679723827,0.2800145681407812,58.40242937059311,-1.760683092458153,170.81145958724207,1
0.12746939843049923,0.17091271063075694,0.1491910545306281,0.3248859584085584,58.61567986549316,-2.418006506868627,171.69172767633276,1
0.13117552835707552,0.1703658298005773,0.1507706790788264,0.3511466441747717,59.473096023877076,-3.906051847836369,172.04317912536249,1
0.12371457951606363,0.16016128414107877,0.1419379318285712,0.3333496477845948,58.219918619183005,-3.4606678247225213,172.60329396418817,1
0.1231819178058112,0.17810779390412884,0.15064485585497,0.3085133392072258,59.55405995957274,-4.648648862292702,172.5992578627762,1
0.14396227905798561,0.16389416693106132,0.15392822299452347,0.30519958555313204,59.02465595616614,-5.629502278464303,173.7501602973604,1
0.14076815493390396,0.16278274251763286,0.15177544872576842,0.3577950284858244,61.015926669040155,-8.188425555942507,174.96169712523132,1
0.1466572537375411,0.15495845294417715,0.1508078533408591,0.3256997822254278,58.882657961014615,-9.693738074225141,176.066251875353,1
0.14805325353441798,0.14809863175540938,0.1480759426449137,0.3332427437276899,58.101997781903705,-11.111170167473446,176.6587100908391,1
0.1640754645339189,0.16718488053022568,0.1656301725320723,0.2916397953824413,58.87110128890424,-12.588434876273128,176.86319078528086,1
0.167848497689085,0.14939328060024024,0.1586208891446626,0.3185668935441452,57.69660561209129,-14.07879838511854,178.12076363851895,1
0.16310977764938295,0.1462184975298141,0.15466413758959852,0.3080022554463187,57.801588752092414,-15.492182216094044,177.9918627599981,1
0.17840737792965342,0.14959463543781787,0.16400100668373563,0.34398233872876544,56.266105175673445,-17.154875963106903,178.87630447559906,1
0.18170830776280983,0.15488920336050774,0.1682987555616588,0.3400542779704172,56.326636880624335,-18.334692014868146,179.0709907841569,1
0.18761086780142658,0.15463339752411273,0.17112213266276965,0.3590658032231384,56.03158963300427,-17.702979923024607,179.5526128522808,1
0.18319170583594377,0.13098719378371443,0.15708944980982908,0.34975324363553123,55.27688086470114,-19.59054931462433,-179.61258543546543,1
0.18877574039458617,0.13364882753678964,0.1612122839656879,0.38383284547372704,54.08555867440906,-20.943087467685622,-179.16089768841658,1
0.18812128731729694,0.13129918651558464,0.1597102369164408,0.40497663792398225,53.83682304635548,-21.57775894902518,-178.40242848785073,1
0.18398033277762013,0.1272652673286608,0.15562280005314047,0.47496732677296233,53.560332550738025,-23.020434145621653,-176.69646011506944,1
0.17282523321347515,0.13114803075340786,0.1519866319834415,0.47973672088340924,51.592624724914884,-24.168806761075054,-176.16647887340253,1
0.1677055170731905,0.1251678377083136,0.14643667739075206,0.49315706824429373,51.161977255869346,-25.500109842274625,-175.77497281616084,1
0.1715357769747568,0.1310119090269022,0.15127384300082952,0.5106738414654349,48.96351617093899,-26.448134954591133,-175.0046772629984,1
0.17313937567887358,0.12712806670850074,0.15013372119368718,0.4599164834224932,49.12454337324317,-27.011886488437142,-174.58591907903386,1
0.18053725790102537,0.12976038142597676,0.15514881966350108,0.5179583468909091,46.32318610475721,-30.27083172968832,-174.39928828271198,1
0.17610529250037546,0.11151622792667362,0.14381076021352454,0.5868376248221692,45.29753358948196,-31.015122792184968,-173.0812288966805,1
0.17393305015808613,0.11560635057503757,0.14476970036656184,0.5475662846894189,46.77628492648998,-30.79622606998124,-173.27784092836117,1
0.17698545910131872,0.1192382478563548,0.14811185347883676,0.5222797396006444,45.49602874546986,-32.10827535481036,-172.4130177730973,1
0.19752949752472823,0.11663469208166545,0.15708209480319685,0.5339343684683682,44.04154440048103,-33.60470023889781,-171.646679067008,1
0.18367453229323216,0.11014426422001257,0.14690939825662236,0.5365230673735125,42.51410639170206,-34.38313106130691,-170.7604559115772,1
0.17623233999114266,0.09843375773359793,0.1373330488623703,0.5297787007664205,43.76185914524541,-35.02103703876705,-169.78175805297437,1
0.17243214522218084,0.0966011638696053,0.13451665454589307,0.5122385652858015,41.820673439748845,-36.953363699144234,-168.34830383168926,1
0.17609230667497086,0.0944904222761724,0.13529136447557163,0.5534022473681823,39.64029630031516,-39.88777987326955,-167.84822123092633,1
0.16423774063597935,0.09773055776599628,0.1309841492009878,0.5502195173324093,41.720130157076426,-39.85236306523295,-167.6233586265323,1
0.18160486802953374,0.08492407408745314,0.13326447105849343,0.5211943116463241,40.90912890632325,-40.108362873696585,-167.08404459717488,1
0.17465169689093313,0.08269506484271287,0.128673380866823,0.5001296176136389,41.82972676289489,-41.40649361025219,-166.68083904435122,1
0.20064115982273903,0.07945663287211448,0.14004889634742676,0.5015620025005482,40.88126832270177,-42.12292869646891,-166.9315443595373,1
0.19165186187010286,0.08919040042309104,0.14042113114659693,0.5252410740588886,39.73877511755572,-42.25752474491338,-165.95387799731495,1
0.21201866695011448,0.0839746951561114,0.14799668105311295,0.5106140123481822,39.146936969574455,-43.26008114111767,-165.62924317975188,1
0.2004393315663183,0.07299594649348685,0.13671763902990258,0.5512153822655752,37.933606820046435,-44.419734498847184,-164.45189828901164,1
0.231297179073012,0.07254954235744619,0.1519233607152291,0.5716452864862334,37.48999693833531,-45.69778377886096,-164.0373875072954,1
0.22972224766182336,0.07139806242373933,0.15056015504278136,0.5982070105871258,36.41715429263226,-47.08278537642081,-161.9930417502816,1
0.2119952258547037,0.06291659263639059,0.13745590924554715,0.6396383708728085,35.061810920000624,-49.13022241806882,-160.55255205918266,1
0.21909540045533038,0.06881926154323492,0.14395733099928265,0.6172627379453913,34.40722231747395,-50.97128766688032,-160.69496697975094,1
0.27139225765190816,0.07323233412739948,0.17231229588965383,0.6463193010390689,31.50523225267088,-52.81296010164994,-158.11009346402162,1
0.24918257474895314,0.07551121270702879,0.16234689372799097,0.6252686366825061,31.094637574692314,-53.937486717915,-157.8335467926808,1
0.2563746414091127,0.07018459490802849,0.1632796181585706,0.6776270005666316,29.71083189955047,-54.92738301730237,-156.7978063094005,1
0.2941900745905871,0.0636347552414603,0.1789124149160237,0.6724254492002758,28.043477479637772,-55.51463847585339,-155.14138544124177,1
0.2694084353121653,0.06155927313560157,0.16548385422388343,0.6333352904425394,27.70851519152143,-55.74674942864449,-154.4635770901298,1
0.2811398235543912,0.06529275458113205,0.17321628906776163,0.6335623117453865,28.221440006773292,-55.69848941482591,-155.10484684844872,1
0.34502008782888893,0.06336572052212056,0.20419290417550473,0.6124037573901694,26.726750764257304,-55.741429795604276,-154.22575563070004,1
0.33906280883217116,0.051649753018092964,0.19535628092513208,0.618980259686617,26.281807664589905,-56.758877223235864,-153.12377440095634,1
0.34836175259132246,0.06003114578507441,0.20419644918819843,0.6358835325999103,26.563595426081008,-56.32769975167222,-152.17904481305814,1
0.35229503976248505,0.07347878495760764,0.21288691236004634,0.6172993975056686,27.68381718531856,-56.999433645718234,-152.89059741521913,1
0.2747443055252942,0.06967691673553279,0.1722106111304135,0.6775841235872241,26.569641351312526,-56.02678468323328,-150.76517842920762,1
0.3508989332152197,0.06747598163462852,0.20918745742492412,0.634122482151869,23.671572201423686,-57.435081318662995,-149.06769115255995,1
0.25255511614213155,0.08285844651617404,0.1677067813291528,0.6478300922471654,25.948600092173223,-56.220356820830624,-148.8365057115939,1
0.2758104248088068,0.07136368359778877,0.17358705420329779,0.6769802634469089,25.243598049737756,-56.615042127623624,-148.5576168780587,1
0.26132180516114156,0.07029371888163831,0.16580776202138994,0.7069117107576287,26.509483794863087,-56.413161668269154,-149.4995966137309,1
